,Accession,Instrument_category,Instument,Unnamed: 0,analysis,auc,auc_std,case,column,control,disease,disease_type,features,label,mode,model_nonzero_coef,number_labels,samples,significant,study,test_size,train_size,type
0,,LC,LTQ orbitrap,0,plasmaall_author,0.9985079966329964,0.0016695758027157075,59,C18,43,coronary heart disease,cardiovascular,109,a0,positive,109,2,102,108.0,Feng,19,83,plasma
1,,LC,LTQ orbitrap,1,urineall_author,0.9913895903479236,0.004986705037325386,59,C18,43,coronary heart disease,cardiovascular,160,a1,positive,159,2,102,160.0,Feng,19,83,urine
2,,LC,LTQ orbitrap,2,serum_IPO_aligned_Feng_serum_batch1,0.9948333333333332,0.00908142181721683,21,C18,20,coronary heart disease,cardiovascular,5529,a2,positive,63,2,41,1587.0,Feng,8,33,plasma
3,,LC,LTQ orbitrap,3,serum_IPO_aligned_Feng_serum_batch2,0.9965952380952382,0.005302686180194315,38,C18,23,coronary heart disease,cardiovascular,4939,a3,positive,151,2,61,1110.0,Feng,11,50,plasma
4,,LC,LTQ orbitrap,4,urine_IPO_aligned_Feng_urine_batch1,0.989777777777778,0.013517706723469356,28,C18,21,coronary heart disease,cardiovascular,11102,a4,positive,354,2,49,1440.0,Feng,9,40,urine
5,,LC,LTQ orbitrap,5,urine_IPO_aligned_Feng_urine_batch2,0.9576984126984128,0.018817291276780862,31,C18,22,coronary heart disease,cardiovascular,11884,a5,positive,1082,2,53,2128.0,Feng,10,43,urine
6,,LC,LTQ orbitrap,6,serum_onebatch_IPO_align_Feng_serum_all,0.9992838103254768,0.0015050586194084,59,C18,43,coronary heart disease,cardiovascular,5040,a6,positive,31,2,102,1523.0,Feng,19,83,plasma
7,,LC,LTQ orbitrap,7,urine_onebatch_IPO_aligned_Feng_urine_all,0.9821962682379348,0.005217204501997956,59,C18,43,coronary heart disease,cardiovascular,11934,a7,positive,325,2,102,2564.0,Feng,19,83,urine
9,,GC,Agilent 5975C MSD,9,IPO_aligned_MTBLS105_SIM-MS,0.861074074074074,0.01744888675056432,40,Phenyl Arylene,49,Hepatocellular carcinoma,cancer,855,b1,positive,13,2,89,7.0,MTBLS105,17,72,plasma
0,MTBLS105,,,0,reprocessed_IPO_aligned_MTBLS105_qMS,0.8575277777777777,0.039765927134990206,40,,49,Hepatocellular carcinoma,cancer,2031,a0,,17,2,89,,MTBLS105,17,72,
8,,GC,Agilent 5975C MSD,8,IPO_aligned_MTBLS105_qMS,0.608185185185185,0.05098710466627475,40,Phenyl Arylene,49,Hepatocellular carcinoma,cancer,1176,b0,positive,1176,2,89,0.0,MTBLS105,17,72,plasma
15,,LC,Waters Xevo G2 QTof,15,ulsam_IPO_reprocessedsecond_mean,0.5480805588515225,0.024384445556632613,102,C8,936,cardiovascular,cardiovascular,7814,c5,positive,2348,2,1038,0.0,MTBLS124,207,831,plasma
14,,LC,Waters Xevo G2 QTof,14,ulsam_IPO_reprocessedfirst_mean,0.5282131506374309,0.01925842744289637,102,C8,936,cardiovascular,cardiovascular,7814,c4,positive,214,2,1038,0.0,MTBLS124,207,831,plasma
10,,LC,Waters Xevo G2 QTof,10,ulsam_author,0.47459464482117797,0.021218065845009883,102,C8,936,cardiovascular,cardiovascular,177,c0,positive,177,2,1038,0.0,MTBLS124,207,831,plasma
12,,LC,Waters Xevo G2 QTof,12,ulsam_IPO_reprocessedsecond,0.5767121040550326,0.026639728928230924,102,C8,936,cardiovascular,cardiovascular,7814,c2,positive,7713,2,1038,0.0,MTBLS124,207,831,plasma
11,,LC,Waters Xevo G2 QTof,11,ulsam_IPO_reprocessedfirst,0.5737929916002507,0.01986369329756565,102,C8,936,cardiovascular,cardiovascular,7814,c1,positive,611,2,1038,0.0,MTBLS124,207,831,plasma
13,,LC,Waters Xevo G2 QTof,13,ulsam_IPO_reprocessedmean,0.5563697641532435,0.02144527658428926,102,C8,936,cardiovascular,cardiovascular,7814,c3,positive,191,2,1038,0.0,MTBLS124,207,831,plasma
36,,LC,Waters Q-Tof Premier,36,IPO_aligned_MTBLS17_negall_guess-opt_-1e-4_mzdiff,0.6654529529529529,0.02569931008879825,78,C18,184,hepatocellular carcinoma,cancer,4203,d20,negative,4150,2,262,170.0,MTBLS17,51,211,serum
37,,LC,Waters Q-Tof Premier,37,IPO_aligned_MTBLS17_negall_guess-opt_1e-3_mzdiff,0.6653464297630963,0.021561431262997262,78,C18,184,hepatocellular carcinoma,cancer,4200,d21,negative,3746,2,262,160.0,MTBLS17,51,211,serum
38,,LC,Waters Q-Tof Premier,38,IPO_aligned_MTBLS17_neg_onebatch,0.7064533700367034,0.02145606914670709,77,C18,184,hepatocellular carcinoma,cancer,13652,d22,negative,2548,2,261,569.0,MTBLS17,51,210,serum
39,,LC,Waters Q-Tof Premier,39,IPO_aligned_MTBLS17_pos_onebatch,0.7267214714714715,0.027040209971450742,77,C18,184,hepatocellular carcinoma,cancer,20768,d23,positive,10625,2,261,173.0,MTBLS17,51,210,serum
40,,LC,Waters Q-Tof Premier,40,Peaklist_EXP1_POS,0.6451822066822067,0.0311567108096652,59,C18,129,hepatocellular carcinoma,cancer,1586,d24,positive,40,2,188,45.0,MTBLS17,36,152,serum
41,,LC,Waters Q-Tof Premier,41,Peaklist_EXP2_POS,0.6273333333333333,0.06216703902182201,13,C18,50,hepatocellular carcinoma,cancer,3230,d25,positive,7,2,63,0.0,MTBLS17,12,51,serum
42,,LC,Waters Q-Tof Premier,42,Peaklist_EXP3_POS,0.7800000000000001,0.15790292376436013,5,C18,5,hepatocellular carcinoma,cancer,612,d26,positive,54,2,10,0.0,MTBLS17,2,8,serum
44,,LC,Waters Q-Tof Premier,44,Peaklist_EXP2_NEG,0.5541111111111111,0.07393532375505926,13,C18,50,hepatocellular carcinoma,cancer,1209,d28,negative,334,2,63,0.0,MTBLS17,12,51,serum
3,MTBLS17,,,3,reprocessed_IPO_aligned_MTBLS17_neg_exp3,0.7933333333333334,0.1412641340027806,5,,5,hepatocellular carcinoma,cancer,4721,b2,,146,2,10,,MTBLS17,2,8,
35,,LC,Waters Q-Tof Premier,35,IPO_aligned_MTBLS17_negall_88e-2_bw,0.6835216049382715,0.016958569419672036,78,C18,184,hepatocellular carcinoma,cancer,13058,d19,negative,1298,2,262,559.0,MTBLS17,51,211,serum
1,MTBLS17,,,1,reprocessed_IPO_aligned_MTBLS17_neg_exp1,0.6959603729603729,0.02372050746684928,59,,129,hepatocellular carcinoma,cancer,30443,b0,,2815,2,188,,MTBLS17,36,152,
7,MTBLS17,,,7,author_Peaklist_EXP3_POS,0.7133333333333334,0.1765093639316497,5,,5,hepatocellular carcinoma,cancer,1003,b6,,10,2,10,,MTBLS17,2,8,
6,MTBLS17,,,6,author_Peaklist_EXP2_POS,0.6101111111111112,0.06528276576687632,13,,50,hepatocellular carcinoma,cancer,4439,b5,,2997,2,63,,MTBLS17,12,51,
5,MTBLS17,,,5,author_Peaklist_EXP1_POS,0.6221990675990676,0.026853205604323614,59,,129,hepatocellular carcinoma,cancer,2527,b4,,46,2,188,,MTBLS17,36,152,
4,MTBLS17,,,4,reprocessed_IPO_aligned_MTBLS17_neg_onebatch,0.7281149482816149,0.019278195653259448,77,,184,hepatocellular carcinoma,cancer,34420,b3,,31552,2,261,,MTBLS17,51,210,
43,,LC,Waters Q-Tof Premier,43,Peaklist_EXP1_NEG,0.6007756798756798,0.032262645495925384,59,C18,129,hepatocellular carcinoma,cancer,941,d27,negative,940,2,188,159.0,MTBLS17,36,152,serum
34,,LC,Waters Q-Tof Premier,34,IPO_aligned_MTBLS17_negall_5e-1_profstep,0.6623470136803472,0.029857024588554257,78,C18,184,hepatocellular carcinoma,cancer,11285,d18,negative,11208,2,262,423.0,MTBLS17,51,211,serum
45,,LC,Waters Q-Tof Premier,45,Peaklist_EXP3_NEG,0.7266666666666669,0.14126413400278062,5,C18,5,hepatocellular carcinoma,cancer,391,d29,negative,21,2,10,0.0,MTBLS17,2,8,serum
32,,LC,Waters Q-Tof Premier,32,IPO_aligned_MTBLS17_negall_3_90_peakwidth,0.67547989656323,0.0228526588037989,78,C18,184,hepatocellular carcinoma,cancer,11070,d16,negative,7586,2,262,429.0,MTBLS17,51,211,serum
16,,LC,Waters Q-Tof Premier,16,IPO_aligned_MTBLS17_neg_exp1,0.6868677544677545,0.027897084790164443,59,C18,129,hepatocellular carcinoma,cancer,12445,d0,negative,10943,2,188,622.0,MTBLS17,36,152,serum
17,,LC,Waters Q-Tof Premier,17,IPO_aligned_MTBLS17_neg_exp2,0.4782222222222222,0.05506718679693375,13,C18,50,hepatocellular carcinoma,cancer,15547,d1,negative,607,2,63,0.0,MTBLS17,12,51,serum
18,,LC,Waters Q-Tof Premier,18,IPO_aligned_MTBLS17_neg_exp3,0.7400000000000001,0.128062484748657,5,C18,5,hepatocellular carcinoma,cancer,422,d2,negative,271,2,10,0.0,MTBLS17,2,8,serum
19,,LC,Waters Q-Tof Premier,19,IPO_aligned_MTBLS17_pos_exp1,0.7008648795648796,0.025054217177325658,59,C18,129,hepatocellular carcinoma,cancer,17998,d3,positive,17291,2,188,117.0,MTBLS17,36,152,serum
20,,LC,Waters Q-Tof Premier,20,IPO_aligned_MTBLS17_pos_exp2,0.6223333333333334,0.07277133135147841,13,C18,50,hepatocellular carcinoma,cancer,33205,d4,positive,344,2,63,0.0,MTBLS17,12,51,serum
21,,LC,Waters Q-Tof Premier,21,IPO_aligned_MTBLS17_pos_exp3,0.7733333333333335,0.17688665548562132,5,C18,5,hepatocellular carcinoma,cancer,4299,d5,positive,513,2,10,0.0,MTBLS17,2,8,serum
33,,LC,Waters Q-Tof Premier,33,IPO_aligned_MTBLS17_negall_4_bw,0.6659906573239905,0.02261750133164941,78,C18,184,hepatocellular carcinoma,cancer,10029,d17,negative,2390,2,262,369.0,MTBLS17,51,211,serum
22,,LC,Waters Q-Tof Premier,22,IPO_aligned_MTBLS17_negall_12_bw,0.6816504004004003,0.022464976039030617,78,C18,184,hepatocellular carcinoma,cancer,12527,d6,negative,7941,2,262,291.0,MTBLS17,51,211,serum
2,MTBLS17,,,2,reprocessed_IPO_aligned_MTBLS17_neg_exp2,0.5748888888888889,0.07193481274008166,13,,50,hepatocellular carcinoma,cancer,48752,b1,,7640,2,63,,MTBLS17,12,51,
24,,LC,Waters Q-Tof Premier,24,IPO_aligned_MTBLS17_negall_1e-1_mzwid,0.6636564898231564,0.027470757008942324,78,C18,184,hepatocellular carcinoma,cancer,12060,d8,negative,11963,2,262,426.0,MTBLS17,51,211,serum
31,,LC,Waters Q-Tof Premier,31,IPO_aligned_MTBLS17_negall_3_30_peakwidth,0.6606530697364029,0.02415790702421255,78,C18,184,hepatocellular carcinoma,cancer,10158,d15,negative,10100,2,262,408.0,MTBLS17,51,211,serum
30,,LC,Waters Q-Tof Premier,30,IPO_aligned_MTBLS17_negall_3_10_peakwidth,0.6569096596596596,0.02535528960941836,78,C18,184,hepatocellular carcinoma,cancer,8799,d14,negative,6540,2,262,356.0,MTBLS17,51,211,serum
29,,LC,Waters Q-Tof Premier,29,IPO_aligned_MTBLS17_negall_3e-3_mzdiff,0.6682156322989657,0.022635253167761157,78,C18,184,hepatocellular carcinoma,cancer,11287,d13,negative,7700,2,262,474.0,MTBLS17,51,211,serum
28,,LC,Waters Q-Tof Premier,28,IPO_aligned_MTBLS17_negall_3e-2_mzdiff,0.6646614948281615,0.02494642366497009,78,C18,184,hepatocellular carcinoma,cancer,11265,d12,negative,11184,2,262,471.0,MTBLS17,51,211,serum
25,,LC,Waters Q-Tof Premier,25,IPO_aligned_MTBLS17_negall_1e-4_mzdiff,0.6573008842175508,0.024598044525460702,78,C18,184,hepatocellular carcinoma,cancer,11299,d9,negative,10621,2,262,393.0,MTBLS17,51,211,serum
23,,LC,Waters Q-Tof Premier,23,IPO_aligned_MTBLS17_negall_15_ppm,0.7179924924924923,0.03005864437530842,78,C18,184,hepatocellular carcinoma,cancer,5628,d7,negative,5615,2,262,216.0,MTBLS17,51,211,serum
26,,LC,Waters Q-Tof Premier,26,IPO_aligned_MTBLS17_negall_2000_noise,0.6565217717717717,0.025594543918599603,78,C18,184,hepatocellular carcinoma,cancer,75,d10,negative,53,2,262,11.0,MTBLS17,51,211,serum
27,,LC,Waters Q-Tof Premier,27,IPO_aligned_MTBLS17_negall_25e-3_mzwid,0.6946312145478812,0.01699664267455801,78,C18,184,hepatocellular carcinoma,cancer,14056,d11,negative,8604,2,262,496.0,MTBLS17,51,211,serum
64,,LC,Waters Q-Tof Premier,64,IPO_aligned_MTBLS19_pos_all_F_R,0.8212499999999999,0.031508927306400016,40,C18,50,hepatocellular carcinoma,cancer,8623,e18,negative,999,2,90,300.0,MTBLS19,18,72,serum
65,,LC,Waters Q-Tof Premier,65,IPO_aligned_MTBLS19_pos_all_R_R,0.8270000000000001,0.02654712790491657,40,C18,50,hepatocellular carcinoma,cancer,8623,e19,negative,217,2,90,161.0,MTBLS19,18,72,serum
11,MTBLS19,,,11,reprocessed_IPO_aligned_MTBLS19_neg_exp2_F,0.8596666666666667,0.03978972508352152,20,,25,hepatocellular carcinoma,cancer,13167,c3,,184,2,45,,MTBLS19,9,36,
10,MTBLS19,,,10,reprocessed_IPO_aligned_MTBLS19_neg_exp1_F,0.7819999999999999,0.04798610910114163,20,,25,hepatocellular carcinoma,cancer,12774,c2,,165,2,45,,MTBLS19,9,36,
9,MTBLS19,,,9,author_Exp2F_POS,0.8196666666666667,0.05564670300705655,20,,25,hepatocellular carcinoma,cancer,2367,c1,,82,2,45,,MTBLS19,9,36,
8,MTBLS19,,,8,author_Exp1F_POS,0.8143333333333334,0.04565693326928077,20,,25,hepatocellular carcinoma,cancer,2409,c0,,363,2,45,,MTBLS19,9,36,
12,MTBLS19,,,12,reprocessed_IPO_aligned_MTBLS19_neg_all_F_R,0.8143333333333334,0.022711353010235986,40,,50,hepatocellular carcinoma,cancer,13786,c4,,1058,2,90,,MTBLS19,18,72,
62,,LC,Waters Q-Tof Premier,62,IPO_aligned_MTBLS19_neg_all_F_R,0.79625,0.029002514258824774,40,C18,50,hepatocellular carcinoma,cancer,5163,e16,negative,3628,2,90,287.0,MTBLS19,18,72,serum
63,,LC,Waters Q-Tof Premier,63,IPO_aligned_MTBLS19_neg_all_R_R,0.7881666666666668,0.03817139708676586,40,C18,50,hepatocellular carcinoma,cancer,5163,e17,negative,4971,2,90,162.0,MTBLS19,18,72,serum
60,,LC,Waters Q-Tof Premier,60,IPO_aligned_MTBLS19_pos_exp2_F,0.8676666666666666,0.04842061085483698,20,C18,25,hepatocellular carcinoma,cancer,8753,e14,positive,1242,2,45,18.0,MTBLS19,9,36,serum
46,,LC,Waters Q-Tof Premier,46,Exp1F_POS,0.7959999999999999,0.0567215420570821,20,C18,25,hepatocellular carcinoma,cancer,1526,e0,positive,289,2,45,2.0,MTBLS19,9,36,serum
47,,LC,Waters Q-Tof Premier,47,Exp1R_POS,0.8016666666666665,0.038217215434350485,20,C18,25,hepatocellular carcinoma,cancer,1461,e1,positive,580,2,45,2.0,MTBLS19,9,36,serum
48,,LC,Waters Q-Tof Premier,48,Exp2F_POS,0.7783333333333334,0.04899546464271521,20,C18,25,hepatocellular carcinoma,cancer,1542,e2,positive,47,2,45,12.0,MTBLS19,9,36,serum
49,,LC,Waters Q-Tof Premier,49,Exp2R_POS,0.5723333333333332,0.0665173327453496,20,C18,25,hepatocellular carcinoma,cancer,1455,e3,positive,6,2,45,0.0,MTBLS19,9,36,serum
50,,LC,Waters Q-Tof Premier,50,Exp1F_NEG,0.8246666666666667,0.047520755699191286,20,C18,25,hepatocellular carcinoma,cancer,883,e4,negative,834,2,45,2.0,MTBLS19,9,36,serum
51,,LC,Waters Q-Tof Premier,51,Exp1R_NEG,0.8396666666666665,0.06421232142059828,20,C18,25,hepatocellular carcinoma,cancer,827,e5,negative,819,2,45,2.0,MTBLS19,9,36,serum
52,,LC,Waters Q-Tof Premier,52,Exp2F_NEG,0.7726666666666667,0.05163547445528339,20,C18,25,hepatocellular carcinoma,cancer,825,e6,negative,8,2,45,15.0,MTBLS19,9,36,serum
61,,LC,Waters Q-Tof Premier,61,IPO_aligned_MTBLS19_pos_exp2_R,0.8636666666666668,0.05498383600861458,20,C18,25,hepatocellular carcinoma,cancer,8753,e15,positive,6040,2,45,2.0,MTBLS19,9,36,serum
53,,LC,Waters Q-Tof Premier,53,Exp2R_NEG,0.706,0.05161395160225578,20,C18,25,hepatocellular carcinoma,cancer,760,e7,negative,723,2,45,0.0,MTBLS19,9,36,serum
55,,LC,Waters Q-Tof Premier,55,IPO_aligned_MTBLS19_neg_exp1_R,0.7976666666666666,0.042714816581082934,20,C18,25,hepatocellular carcinoma,cancer,4843,e9,negative,4147,2,45,3.0,MTBLS19,9,36,serum
56,,LC,Waters Q-Tof Premier,56,IPO_aligned_MTBLS19_neg_exp2_F,0.8216666666666668,0.044127340982912426,20,C18,25,hepatocellular carcinoma,cancer,4414,e10,negative,2199,2,45,0.0,MTBLS19,9,36,serum
57,,LC,Waters Q-Tof Premier,57,IPO_aligned_MTBLS19_neg_exp2_R,0.7833333333333333,0.04742245131674329,20,C18,25,hepatocellular carcinoma,cancer,4414,e11,negative,489,2,45,1.0,MTBLS19,9,36,serum
59,,LC,Waters Q-Tof Premier,59,IPO_aligned_MTBLS19_pos_exp1_R,0.7989999999999999,0.03543538720921033,20,C18,25,hepatocellular carcinoma,cancer,7931,e13,positive,3598,2,45,1.0,MTBLS19,9,36,serum
54,,LC,Waters Q-Tof Premier,54,IPO_aligned_MTBLS19_neg_exp1_F,0.7849999999999999,0.04121083999790996,20,C18,25,hepatocellular carcinoma,cancer,4843,e8,negative,1346,2,45,5.0,MTBLS19,9,36,serum
58,,LC,Waters Q-Tof Premier,58,IPO_aligned_MTBLS19_pos_exp1_F,0.7616666666666666,0.05893970553785359,20,C18,25,hepatocellular carcinoma,cancer,7931,e12,positive,2919,2,45,2.0,MTBLS19,9,36,serum
66,,LC,Agilent 6460 Triple Quadrupole,66,m_oxylipin_chronic_hep_b,0.7301068376068377,0.04607470656358769,67,C18,19,chronic hepatitis B,infectious,35,f0,negative,18,2,86,1.0,MTBLS253,16,70,serum
13,MTBLS266,,,13,author_m_mtbls266_NEG_mass_spectrometry_v2_maf,0.9222222222222224,0.03707405557405096,15,,15,Age related metabolomics,other,136,d0,,134,2,30,,MTBLS266,6,24,
14,MTBLS266,,,14,reprocessed_IPO_aligned_MTBLS266_neg,0.9162962962962964,0.046854413632202864,15,,15,Age related metabolomics,other,36991,d1,,2373,2,30,,MTBLS266,6,24,
69,,LC,LTQ Orbitrap,69,IPO_aligned_MTBLS266_neg,0.9333333333333332,0.03442651863295482,15,HILIC,15,Age related metabolomics,other,15961,g2,negative,1000,2,30,181.0,MTBLS266,6,24,plasma
70,,LC,LTQ Orbitrap,70,IPO_aligned_MTBLS266_pos,0.9355555555555556,0.03313521369828893,15,HILIC,15,Age related metabolomics,other,21030,g3,positive,174,2,30,2.0,MTBLS266,6,24,plasma
67,,LC,LTQ Orbitrap,67,m_mtbls266_NEG_mass_spectrometry_v2_maf,0.842962962962963,0.056490891747963325,15,HILIC,15,Age related metabolomics,other,55,g0,negative,52,2,30,0.0,MTBLS266,6,24,plasma
68,,LC,LTQ Orbitrap,68,m_mtbls266_POS_mass_spectrometry_v2_maf,0.957037037037037,0.02361092955631,15,HILIC,15,Age related metabolomics,other,81,g1,positive,81,2,30,4.0,MTBLS266,6,24,plasma
72,,LC,Waters ACQUITY UPLC system,72,m_chronic_hep_b_NEG,0.9299664224664224,0.0249671017034911,69,C18,19,chronic hepatitis B,infectious,59,h1,negative,59,2,88,26.0,MTBLS279,16,72,serum
15,MTBLS279,,,15,author_m_chronic_hep_b_POS,0.9250091575091576,0.02505076034411065,69,,19,chronic hepatitis B,infectious,199,e0,,159,2,88,,MTBLS279,16,72,
71,,LC,Waters ACQUITY UPLC system,71,m_chronic_hep_b_POS,0.879017094017094,0.020292301030189416,69,C18,19,chronic hepatitis B,infectious,140,h0,positive,6,2,88,40.0,MTBLS279,16,72,serum
76,,LC,Waters Xevo Q-Tof Premier,76,IPO_aligned_MTBLS28_pos,0.8558123768245329,0.0066476780854213685,469,C18,536,Lung cancer,cancer,5559,i3,positive,293,2,1005,2105.0,MTBLS28,200,805,urine
75,,LC,Waters Xevo Q-Tof Premier,75,IPO_aligned_MTBLS28_neg,0.8443845004034347,0.00878286053435315,469,C18,536,Lung cancer,cancer,4349,i2,negative,4346,2,1005,1259.0,MTBLS28,200,805,urine
73,,LC,Waters Xevo Q-Tof Premier,73,m_mtbls28_NEG_v2_maf,0.837307457051768,0.00798514339869937,469,C18,536,Lung cancer,cancer,1359,i0,negative,1357,2,1005,666.0,MTBLS28,200,805,urine
74,,LC,Waters Xevo Q-Tof Premier,74,m_mtbls28_POS_v2_maf,0.8701434651937915,0.004942243689450155,469,C18,536,Lung cancer,cancer,1807,i1,positive,240,2,1005,921.0,MTBLS28,200,805,urine
16,MTBLS28,,,16,author_m_mtbls28_NEG_v2_maf,0.8822022615306728,0.007576808353547345,469,,536,Lung cancer,cancer,3166,f0,,255,2,1005,,MTBLS28,200,805,
17,MTBLS28,,,17,reprocessed_IPO_aligned_MTBLS28_neg,0.8569538534326474,0.005055805709039991,469,,536,Lung cancer,cancer,9908,f1,,337,2,1005,,MTBLS28,200,805,
82,,LC,Agilent 6550 iFunnel Q-TOF,82,IPO_aligned_MTBLS315_mzXML,0.8545714285714284,0.04376612757490084,34,C8,27,non-malaria febrile illness,infectious,8795,j5,positive,5508,2,61,24.0,MTBLS315,11,50,plasma
18,MTBLS315,,,18,author_m_GC_nmfi_and_bsi_diagnosis_v2_maf,0.9026984126984128,0.02518813063564096,34,,27,non-malaria febrile illness,infectious,28355,g0,,1607,2,61,,MTBLS315,11,50,
19,MTBLS315,,,19,reprocessed_IPO_aligned_MTBLS315_mzData,0.9413968253968256,0.022422768545760374,34,,27,non-malaria febrile illness,infectious,59746,g1,,19701,2,61,,MTBLS315,11,50,
77,,GC,Agilent 6890N GC,77,m_GC_nmfi_and_bsi_diagnosis_v2_maf,0.7388888888888889,0.05856643846768918,34,5% phenyl-methyl silica,27,non-malaria febrile illness,infectious,146,j0,positive,26,2,61,0.0,MTBLS315,11,50,plasma
78,,LC,Agilent 6550 iFunnel Q-TOF,78,m_LC_nmfi_and_bsi_diagnosis_v2_maf,0.848,0.036758779372037725,34,C8,27,non-malaria febrile illness,infectious,8207,j1,positive,2271,2,61,0.0,MTBLS315,11,50,plasma
83,,LC,LTQ Orbitrap,83,IPO_aligned_MTBLS315_n_mzML,0.9254920634920636,0.024752969490836062,34,C18,27,non-malaria febrile illness,infectious,22913,j6,negative,1348,2,61,50.0,MTBLS315,11,50,plasma
80,,LC,LTQ Orbitrap,80,m_UPLC_POS_nmfi_and_bsi_diagnosis_v2_maf,0.8963809523809523,0.02681861471512083,34,C18,27,non-malaria febrile illness,infectious,7617,j3,positive,7097,2,61,624.0,MTBLS315,11,50,plasma
81,,GC,Agilent 6890N GC,81,IPO_aligned_MTBLS315_mzData,0.5141269841269841,0.0597946009759284,34,5% phenyl-methyl silica,27,non-malaria febrile illness,infectious,2804,j4,positive,1395,2,61,0.0,MTBLS315,11,50,plasma
84,,LC,LTQ Orbitrap,84,IPO_aligned_MTBLS315_p_mzML,0.9368888888888891,0.02675714055015524,34,C18,27,non-malaria febrile illness,infectious,25234,j7,positive,375,2,61,69.0,MTBLS315,11,50,plasma
79,,LC,LTQ Orbitrap,79,m_UPLC_NEG_nmfi_and_bsi_diagnosis_v2_maf,0.8645714285714287,0.02528076656223661,34,C18,27,non-malaria febrile illness,infectious,12385,j2,negative,158,2,61,474.0,MTBLS315,11,50,plasma
85,,LC,Waters Xevo G2-XS QTof,85,DEMO_neg-norm-metaboAnalystInput_T2D_NGT,0.6455398965141612,0.03348877846556923,87,C18,80,Diabetes - healthy v. T2 v. prediabetic,metabolic,100,k0,positive,51,2,167,0.0,MTBLS352,33,134,plasma
22,MTBLS352,,,22,author_DEMO_neg-norm-metaboAnalystInput_NGT_Pre-DM,0.5942548076923078,0.03098562389069885,63,,80,Diabetes - healthy v. T2 v. prediabetic,metabolic,200,h2,,200,2,143,,MTBLS352,28,115,
21,MTBLS352,,,21,author_DEMO_neg-norm-metaboAnalystInput_T2D_Pre-DM,0.6757298474945534,0.03539321481394689,63,,87,Diabetes - healthy v. T2 v. prediabetic,metabolic,200,h1,,200,2,150,,MTBLS352,29,121,
20,MTBLS352,,,20,author_DEMO_neg-norm-metaboAnalystInput_T2D_NGT,0.7061560457516339,0.02692734968426917,87,,80,Diabetes - healthy v. T2 v. prediabetic,metabolic,200,h0,,199,2,167,,MTBLS352,33,134,
86,,LC,Waters Xevo G2-XS QTof,86,DEMO_neg-norm-metaboAnalystInput_T2D_Pre-DM,0.6562439249203955,0.03502311029594607,63,C18,87,Diabetes - healthy v. T2 v. prediabetic,metabolic,100,k1,positive,17,2,150,4.0,MTBLS352,29,121,plasma
88,,LC,Waters Xevo G2-XS QTof,88,DEMO_pos-norm-metaboAnalystInput_T2D_NGT,0.6667531318082788,0.034037916631997636,87,C18,80,Diabetes - healthy v. T2 v. prediabetic,metabolic,100,k3,positive,16,2,167,4.0,MTBLS352,33,134,plasma
89,,LC,Waters Xevo G2-XS QTof,89,DEMO_pos-norm-metaboAnalystInput_T2D_Pre-DM,0.5844448634154517,0.03253770647352064,63,C18,87,Diabetes - healthy v. T2 v. prediabetic,metabolic,100,k4,positive,100,2,150,0.0,MTBLS352,29,121,plasma
87,,LC,Waters Xevo G2-XS QTof,87,DEMO_neg-norm-metaboAnalystInput_NGT_Pre-DM,0.5015731837606838,0.02818154451615165,63,C18,80,Diabetes - healthy v. T2 v. prediabetic,metabolic,100,k2,positive,0,2,143,1.0,MTBLS352,28,115,plasma
91,,LC,Waters Xevo G2-XS QTof,91,IPO_aligned_MTBLS352_neg_T2D_NGT,0.8624101310588727,0.018765519464873263,112,C18,98,Diabetes - healthy v. T2 v. prediabetic,metabolic,2724,k6,positive,38,2,210,23.0,MTBLS352,41,169,plasma
92,,LC,Waters Xevo G2-XS QTof,92,IPO_aligned_MTBLS352_neg_T2D_Pre-DM,0.7899694773825208,0.017806945053736804,78,C18,112,Diabetes - healthy v. T2 v. prediabetic,metabolic,2724,k7,positive,159,2,190,4.0,MTBLS352,37,153,plasma
93,,LC,Waters Xevo G2-XS QTof,93,IPO_aligned_MTBLS352_neg_NGT_Pre-DM,0.5631187865497076,0.031135194841675862,78,C18,98,Diabetes - healthy v. T2 v. prediabetic,metabolic,2724,k8,positive,2724,2,176,0.0,MTBLS352,34,142,plasma
90,,LC,Waters Xevo G2-XS QTof,90,DEMO_pos-norm-metaboAnalystInput_NGT_Pre-DM,0.5378325320512819,0.033251745974447834,63,C18,80,Diabetes - healthy v. T2 v. prediabetic,metabolic,100,k5,positive,12,2,143,1.0,MTBLS352,28,115,plasma
94,,LC,Agilent 6540 Q-TOF,94,m_cap_metabolite_profiling_mass_spectrometry_v2_maf,0.9485511191772534,0.0058047327929434955,142,C18,97,Pneumonia - Community acquired,infectious,7,l0,positive,7,2,239,7.0,MTBLS354,47,192,plasma
95,,LC,Agilent 6540 Q-TOF,95,m_cap_metabolite_profiling_mass_spectrometry-1_v2_maf,0.86208737360643,0.010300193962331186,142,C18,97,Pneumonia - Community acquired,infectious,5,l1,negative,5,2,239,5.0,MTBLS354,47,192,plasma
23,MTBLS354,,,23,author_m_cap_metabolite_profiling_mass_spectrometry_v2_maf,0.9451856365050556,0.00980559995934458,142,,97,Pneumonia - Community acquired,infectious,12,i0,,12,2,239,,MTBLS354,47,192,
96,,LC,Agilent 6540 Q-TOF,96,IPO_aligned_MTBLS354_neg,0.9923915824042864,0.0015329485220397536,142,C18,97,Pneumonia - Community acquired,infectious,12041,l2,negative,117,2,239,5751.0,MTBLS354,47,192,plasma
24,MTBLS354,,,24,reprocessed_IPO_aligned_MTBLS354_neg,0.9917297554230404,0.0013612069712416427,142,,97,Pneumonia - Community acquired,infectious,36254,i1,,119,2,239,,MTBLS354,47,192,
97,,LC,Agilent 6540 Q-TOF,97,IPO_aligned_MTBLS354_pos,0.9917075447238788,0.0011654181193371381,142,C18,97,Pneumonia - Community acquired,infectious,24213,l3,positive,322,2,239,12581.0,MTBLS354,47,192,plasma
29,MTBLS358,,,29,author_m_CER_mass_spectrometry_v4_FS_NS,0.4400276360544218,0.038566419012068885,38,,39,COPD,respiratory,219,j4,,48,2,77,,MTBLS358,14,63,
25,MTBLS358,,,25,author_m_CER_mass_spectrometry_v4_COPD_FS,0.624153911564626,0.039350316468528615,38,,39,COPD,respiratory,219,j0,,15,2,77,,MTBLS358,14,63,
26,MTBLS358,,,26,author_m_CER_mass_spectrometry_v4_COPD_CS,0.4906802721088435,0.03586868250030192,39,,39,COPD,respiratory,219,j1,,219,2,78,,MTBLS358,14,64,
27,MTBLS358,,,27,author_m_CER_mass_spectrometry_v4_COPD_NS,0.7377636054421768,0.0398879822521375,39,,39,COPD,respiratory,219,j2,,217,2,78,,MTBLS358,14,64,
28,MTBLS358,,,28,author_m_CER_mass_spectrometry_v4_FS_CS,0.5406058673469387,0.057451612182879724,39,,38,COPD,respiratory,219,j3,,219,2,77,,MTBLS358,14,63,
30,MTBLS358,,,30,author_m_CER_mass_spectrometry_v4_CS_NS,0.7390051020408165,0.053260243242555176,39,,39,COPD,respiratory,219,j5,,219,2,78,,MTBLS358,14,64,
120,,LC,AB SCIEX QTRAP 5500,120,m_TAG_mass_spectrometry_v4_FS_NS,0.5111968537414966,0.03179745050386318,38,unknown,39,COPD,respiratory,23,m22,positive,23,2,77,0.0,MTBLS358,14,63,serum
113,,LC,AB SCIEX QTRAP 5500,113,m_SHOT_mass_spectrometry_v4_FS_CS,0.5609693877551021,0.05291820372671603,39,chip infusion,38,COPD,respiratory,123,m15,both,123,2,77,0.0,MTBLS358,14,63,serum
119,,LC,AB SCIEX QTRAP 5500,119,m_TAG_mass_spectrometry_v4_FS_CS,0.5060299744897958,0.043418479720528834,39,unknown,38,COPD,respiratory,23,m21,positive,1,2,77,0.0,MTBLS358,14,63,serum
118,,LC,AB SCIEX QTRAP 5500,118,m_TAG_mass_spectrometry_v4_COPD_NS,0.6532312925170067,0.0504739847597844,39,unknown,39,COPD,respiratory,23,m20,positive,2,2,78,7.0,MTBLS358,14,64,serum
117,,LC,AB SCIEX QTRAP 5500,117,m_TAG_mass_spectrometry_v4_COPD_CS,0.4567665816326531,0.037229104893793497,39,unknown,39,COPD,respiratory,23,m19,positive,18,2,78,0.0,MTBLS358,14,64,serum
116,,LC,AB SCIEX QTRAP 5500,116,m_TAG_mass_spectrometry_v4_COPD_FS,0.5965327380952381,0.057836070050838566,38,unknown,39,COPD,respiratory,23,m18,positive,1,2,77,0.0,MTBLS358,14,63,serum
115,,LC,AB SCIEX QTRAP 5500,115,m_SHOT_mass_spectrometry_v4_CS_NS,0.6844770408163264,0.04018663063001387,39,chip infusion,39,COPD,respiratory,123,m17,both,123,2,78,0.0,MTBLS358,14,64,serum
114,,LC,AB SCIEX QTRAP 5500,114,m_SHOT_mass_spectrometry_v4_FS_NS,0.4329315476190476,0.03705081790489874,38,chip infusion,39,COPD,respiratory,123,m16,both,37,2,77,0.0,MTBLS358,14,63,serum
112,,LC,AB SCIEX QTRAP 5500,112,m_SHOT_mass_spectrometry_v4_COPD_NS,0.7208078231292517,0.0311614301457736,39,chip infusion,39,COPD,respiratory,123,m14,both,123,2,78,0.0,MTBLS358,14,64,serum
111,,LC,AB SCIEX QTRAP 5500,111,m_SHOT_mass_spectrometry_v4_COPD_CS,0.4971598639455782,0.052932517643037684,39,chip infusion,39,COPD,respiratory,123,m13,both,123,2,78,0.0,MTBLS358,14,64,serum
110,,LC,AB SCIEX QTRAP 5500,110,m_SHOT_mass_spectrometry_v4_COPD_FS,0.66546981292517,0.0339847029227595,38,chip infusion,39,COPD,respiratory,123,m12,both,11,2,77,1.0,MTBLS358,14,63,serum
121,,LC,AB SCIEX QTRAP 5500,121,m_TAG_mass_spectrometry_v4_CS_NS,0.6518686224489796,0.04394208291337785,39,unknown,39,COPD,respiratory,23,m23,positive,8,2,78,2.0,MTBLS358,14,64,serum
109,,LC,AB SCIEX QTRAP 5500,109,m_EICO_mass_spectrometry_v4_CS_NS,0.551811224489796,0.048229438733888096,39,C18,39,COPD,respiratory,17,m11,negative,14,2,78,0.0,MTBLS358,14,64,serum
107,,LC,AB SCIEX QTRAP 5500,107,m_EICO_mass_spectrometry_v4_FS_CS,0.6213180272108842,0.040317943851854575,39,C18,38,COPD,respiratory,17,m9,negative,3,2,77,0.0,MTBLS358,14,63,serum
106,,LC,AB SCIEX QTRAP 5500,106,m_EICO_mass_spectrometry_v4_COPD_NS,0.6530782312925169,0.034500695992566485,39,C18,39,COPD,respiratory,17,m8,negative,6,2,78,0.0,MTBLS358,14,64,serum
105,,LC,AB SCIEX QTRAP 5500,105,m_EICO_mass_spectrometry_v4_COPD_CS,0.4917410714285715,0.03624921214771195,39,C18,39,COPD,respiratory,17,m7,negative,17,2,78,0.0,MTBLS358,14,64,serum
104,,LC,AB SCIEX QTRAP 5500,104,m_EICO_mass_spectrometry_v4_COPD_FS,0.6327444727891156,0.04210912241482899,38,C18,39,COPD,respiratory,17,m6,negative,17,2,77,0.0,MTBLS358,14,63,serum
103,,LC,AB SCIEX QTRAP 5500,103,m_CER_mass_spectrometry_v4_CS_NS,0.4800903486394557,0.04651537600717121,39,C18,39,COPD,respiratory,56,m5,positive,56,2,78,0.0,MTBLS358,14,64,serum
102,,LC,AB SCIEX QTRAP 5500,102,m_CER_mass_spectrometry_v4_FS_NS,0.4681462585034014,0.035060893365593586,38,C18,39,COPD,respiratory,56,m4,positive,39,2,77,0.0,MTBLS358,14,63,serum
101,,LC,AB SCIEX QTRAP 5500,101,m_CER_mass_spectrometry_v4_FS_CS,0.4792995323129252,0.03699504610594554,39,C18,38,COPD,respiratory,56,m3,positive,41,2,77,0.0,MTBLS358,14,63,serum
100,,LC,AB SCIEX QTRAP 5500,100,m_CER_mass_spectrometry_v4_COPD_NS,0.5664158163265306,0.06766325684247405,39,C18,39,COPD,respiratory,56,m2,positive,44,2,78,0.0,MTBLS358,14,64,serum
99,,LC,AB SCIEX QTRAP 5500,99,m_CER_mass_spectrometry_v4_COPD_CS,0.4665869472789115,0.036670783498840016,39,C18,39,COPD,respiratory,56,m1,positive,4,2,78,0.0,MTBLS358,14,64,serum
98,,LC,AB SCIEX QTRAP 5500,98,m_CER_mass_spectrometry_v4_COPD_FS,0.4556749574829933,0.04621722860442873,38,C18,39,COPD,respiratory,56,m0,positive,49,2,77,0.0,MTBLS358,14,63,serum
108,,LC,AB SCIEX QTRAP 5500,108,m_EICO_mass_spectrometry_v4_FS_NS,0.4816581632653061,0.048224949217607435,38,C18,39,COPD,respiratory,17,m10,negative,2,2,77,0.0,MTBLS358,14,63,serum
31,MTBLS364,,,31,reprocessed_IPO_aligned_MTBLS364_hil_neg,0.9985674931129476,0.0019882098274873567,53,,55,smoker v. nonsmoker,other,30092,k0,,761,2,108,,MTBLS364,21,87,
124,,LC,Waters Xevo G2 QTof,124,IPO_aligned_MTBLS364_lip_neg,0.9893829201101928,0.0062197512285427975,53,C18,55,smoker v. nonsmoker,other,761,n2,negative,40,2,108,473.0,MTBLS364,21,87,serum
125,,LC,Waters Xevo G2 QTof,125,IPO_aligned_MTBLS364_lip_pos,0.9949862258953168,0.00492834308828571,53,C18,55,smoker v. nonsmoker,other,6168,n3,positive,181,2,108,3688.0,MTBLS364,21,87,serum
122,,LC,Waters Xevo G2 QTof,122,IPO_aligned_MTBLS364_hil_neg,0.9939944903581268,0.0028924307985469244,53,HILIC,55,smoker v. nonsmoker,other,5951,n0,negative,263,2,108,3869.0,MTBLS364,21,87,serum
123,,LC,Waters Xevo G2 QTof,123,IPO_aligned_MTBLS364_hil_pos,0.9988650137741046,0.0014639897085642426,53,HILIC,55,smoker v. nonsmoker,other,17212,n1,positive,199,2,108,10812.0,MTBLS364,21,87,serum
126,,LC,Waters Xevo G2-XS QTof,126,IPO_aligned_MTBLS408_neg,0.9550617283950618,0.013409324677804969,45,C18,45,psoriasis,autoimmune,2015,o0,negative,70,2,90,305.0,MTBLS408,18,72,plasma
127,,LC,Waters Xevo G2-XS QTof,127,IPO_aligned_MTBLS408_pos,0.9210699588477368,0.021244933189708097,45,C18,45,psoriasis,autoimmune,3106,o1,positive,955,2,90,303.0,MTBLS408,18,72,plasma
32,MTBLS408,,,32,reprocessed_IPO_aligned_MTBLS408_neg,0.9497942386831276,0.016592070015939608,45,,45,psoriasis,autoimmune,5121,l0,,123,2,90,,MTBLS408,18,72,
128,,GC,LECO pegasus 4d,128,m_typhoid_carriage_metabolite_profiling_mass_spectrometry_v2_maf,0.9348611111111108,0.03773818390822958,17,50% Phenyl Polysilphenylene-siloxane,20,typhoid carriage,infectious,198,p0,positive,197,2,37,23.0,MTBLS579,7,30,plasma
33,MTBLS72,,,33,reprocessed_IPO_aligned_MTBLS72_neg,0.8358145363408521,0.028406799368067233,36,,91,Alzheimers,neurological,10946,m0,,491,2,127,,MTBLS72,25,102,
129,,LC,Waters Xevo G2 QTof,129,IPO_aligned_MTBLS72_neg,0.7989236981342244,0.04091427334865643,36,C18,91,Alzheimers,neurological,6417,q0,negative,595,2,127,2.0,MTBLS72,25,102,plasma
130,,LC,Waters Xevo G2 QTof,130,IPO_aligned_MTBLS72_pos,0.7908493455861879,0.03849297148073914,36,C18,91,Alzheimers,neurological,4529,q1,positive,2974,2,127,1.0,MTBLS72,25,102,plasma
131,,LC,Q-Tof Premier (Waters),131,IPO_aligned_MTBLS92,0.5684638157894738,0.025080974802877118,96,C18,240,Breast Cancer,cancer,5875,r0,positive,5223,2,336,4.0,MTBLS92,67,269,serum
132,,LC,Q-Tof Premier (Waters),132,Author_data,0.5508329678362572,0.030330491836139107,96,C18,240,Breast Cancer,cancer,240,r1,positive,3,2,336,21.0,MTBLS92,67,269,serum
38,ST000045,,,38,reprocessed_IPO_aligned_ST000045_2feb_pos_ND_IW,0.7983333333333333,0.12212243401148247,7,,7,t1 diabetes,metabolic,89768,n4,,618,2,14,,ST000045,2,12,
36,ST000045,,,36,author_02Feb10-21-r0_II_IW,0.5116666666666667,0.18013112507898854,7,,7,t1 diabetes,metabolic,72495,n2,,5176,2,14,,ST000045,2,12,
35,ST000045,,,35,author_02Feb10-21-r0_ND_IW,0.5283333333333334,0.16617427264438045,7,,7,t1 diabetes,metabolic,72495,n1,,4820,2,14,,ST000045,2,12,
34,ST000045,,,34,author_02Feb10-21-r0_ND_II,0.43,0.1947648154398872,7,,7,t1 diabetes,metabolic,72495,n0,,385,2,14,,ST000045,2,12,
156,,LC,Agilent 6220 TOF MS,156,IPO_aligned_ST000045_17mar_neg_II_IW,0.7,0.13354150416006755,7,HILIC,7,t1 diabetes,metabolic,47102,s23,negative,684,2,14,0.0,ST000045,2,12,plasma
155,,LC,Agilent 6220 TOF MS,155,IPO_aligned_ST000045_17mar_neg_ND_IW,0.8166666666666667,0.1043498389499902,7,HILIC,7,t1 diabetes,metabolic,47102,s22,negative,343,2,14,0.0,ST000045,2,12,plasma
154,,LC,Agilent 6220 TOF MS,154,IPO_aligned_ST000045_17mar_neg_ND_II,0.375,0.10307764064044153,7,HILIC,7,t1 diabetes,metabolic,47102,s21,negative,0,2,14,0.0,ST000045,2,12,plasma
153,,LC,Agilent 6220 TOF MS,153,IPO_aligned_ST000045_11mar_pos_II_IW,0.64,0.16603212540549694,7,HILIC,7,t1 diabetes,metabolic,20154,s20,positive,281,2,14,0.0,ST000045,2,12,plasma
152,,LC,Agilent 6220 TOF MS,152,IPO_aligned_ST000045_11mar_pos_ND_IW,0.76,0.12543258481484518,7,HILIC,7,t1 diabetes,metabolic,20154,s19,positive,1836,2,14,0.0,ST000045,2,12,plasma
151,,LC,Agilent 6220 TOF MS,151,IPO_aligned_ST000045_11mar_pos_ND_II,0.405,0.11996527275285405,7,HILIC,7,t1 diabetes,metabolic,20154,s18,positive,0,2,14,0.0,ST000045,2,12,plasma
150,,LC,Agilent 6220 TOF MS,150,IPO_aligned_ST000045_11feb_neg_II_IW,0.8800000000000001,0.12622730819174324,7,C18,7,t1 diabetes,metabolic,3255,s17,negative,65,2,14,193.0,ST000045,2,12,plasma
149,,LC,Agilent 6220 TOF MS,149,IPO_aligned_ST000045_11feb_neg_ND_IW,0.8416666666666666,0.09405967373014973,7,C18,7,t1 diabetes,metabolic,3255,s16,negative,476,2,14,157.0,ST000045,2,12,plasma
37,ST000045,,,37,reprocessed_IPO_aligned_ST000045_2feb_pos_ND_II,0.4133333333333333,0.1161416759345623,7,,7,t1 diabetes,metabolic,89768,n3,,5814,2,14,,ST000045,2,12,
147,,LC,Agilent 6220 TOF MS,147,IPO_aligned_ST000045_2feb_pos_II_IW,0.9266666666666666,0.07386173268720111,7,C18,7,t1 diabetes,metabolic,19257,s14,positive,83,2,14,546.0,ST000045,2,12,plasma
148,,LC,Agilent 6220 TOF MS,148,IPO_aligned_ST000045_11feb_neg_ND_II,0.55,0.17416467303484173,7,C18,7,t1 diabetes,metabolic,3255,s15,negative,754,2,14,0.0,ST000045,2,12,plasma
145,,LC,Agilent 6220 TOF MS,145,IPO_aligned_ST000045_2feb_pos_ND_II,0.3783333333333333,0.1412346353492026,7,C18,7,t1 diabetes,metabolic,19257,s12,positive,0,2,14,0.0,ST000045,2,12,plasma
133,,LC,Agilent 6220 TOF MS,133,02Feb10-21-r0_ND_II,0.43,0.15631165450257806,7,C18,7,t1 diabetes,metabolic,18220,s0,positive,3554,2,14,0.0,ST000045,2,12,plasma
134,,LC,Agilent 6220 TOF MS,134,02Feb10-21-r0_ND_IW,0.5700000000000001,0.18867962264113208,7,C18,7,t1 diabetes,metabolic,18220,s1,positive,0,2,14,0.0,ST000045,2,12,plasma
135,,LC,Agilent 6220 TOF MS,135,02Feb10-21-r0_II_IW,0.5216666666666666,0.19394300422775987,7,C18,7,t1 diabetes,metabolic,18220,s2,positive,3326,2,14,0.0,ST000045,2,12,plasma
146,,LC,Agilent 6220 TOF MS,146,IPO_aligned_ST000045_2feb_pos_ND_IW,0.8833333333333333,0.08399735445569435,7,C18,7,t1 diabetes,metabolic,19257,s13,positive,266,2,14,0.0,ST000045,2,12,plasma
136,,LC,Agilent 6220 TOF MS,136,11Feb10-21-r0_ND_II,0.5333333333333333,0.1876758434701233,7,HILIC,7,t1 diabetes,metabolic,1910,s3,positive,782,2,14,0.0,ST000045,2,12,plasma
137,,LC,Agilent 6220 TOF MS,137,11Feb10-21-r0_ND_IW,0.7316666666666666,0.17053021889259262,7,HILIC,7,t1 diabetes,metabolic,1910,s4,positive,454,2,14,0.0,ST000045,2,12,plasma
39,ST000045,,,39,reprocessed_IPO_aligned_ST000045_2feb_pos_II_IW,0.8400000000000001,0.09521904571390463,7,,7,t1 diabetes,metabolic,89768,n5,,334,2,14,,ST000045,2,12,
139,,LC,Agilent 6220 TOF MS,139,11March10-21-_ND_II,0.47,0.15362291495737215,7,C18,7,t1 diabetes,metabolic,31334,s6,negative,0,2,14,0.0,ST000045,2,12,plasma
140,,LC,Agilent 6220 TOF MS,140,11March10-21-_ND_IW,0.4833333333333334,0.17904065335994382,7,C18,7,t1 diabetes,metabolic,31334,s7,negative,0,2,14,0.0,ST000045,2,12,plasma
141,,LC,Agilent 6220 TOF MS,141,11March10-21-_II_IW,0.4283333333333333,0.18559962883104647,7,C18,7,t1 diabetes,metabolic,31334,s8,negative,3991,2,14,0.0,ST000045,2,12,plasma
142,,LC,Agilent 6220 TOF MS,142,17March10-21-_ND_II,0.43,0.1930457631409368,7,HILIC,7,t1 diabetes,metabolic,21031,s9,negative,2041,2,14,0.0,ST000045,2,12,plasma
143,,LC,Agilent 6220 TOF MS,143,17March10-21-_ND_IW,0.4533333333333333,0.1746106780494506,7,HILIC,7,t1 diabetes,metabolic,21031,s10,negative,0,2,14,0.0,ST000045,2,12,plasma
144,,LC,Agilent 6220 TOF MS,144,17March10-21-_II_IW,0.4583333333333333,0.18487984085766504,7,HILIC,7,t1 diabetes,metabolic,21031,s11,negative,2044,2,14,0.0,ST000045,2,12,plasma
138,,LC,Agilent 6220 TOF MS,138,11Feb10-21-r0_II_IW,0.6933333333333334,0.17641491496532322,7,HILIC,7,t1 diabetes,metabolic,1910,s5,positive,307,2,14,0.0,ST000045,2,12,plasma
158,,LC,Agilent 6220 TOF M,158,AN000076_CN_AD,0.5448148148148149,0.09915209804110736,15,C18,15,Alzheimer's,neurological,11203,t1,positive,0,2,30,0.0,ST000046,6,24,plasma
159,,LC,Agilent 6220 TOF M,159,AN000076_MCI_AD,0.4077777777777778,0.0863598557858802,15,C18,15,Alzheimer's,neurological,11203,t2,positive,0,2,30,0.0,ST000046,6,24,plasma
160,,LC,Agilent 6220 TOF M,160,AN000077_CN_MCI,0.6422222222222225,0.08764875656133958,15,HILIC,15,Alzheimer's,neurological,17707,t3,positive,2181,2,30,0.0,ST000046,6,24,plasma
161,,LC,Agilent 6220 TOF M,161,AN000077_CN_AD,0.5433333333333332,0.11404821736780307,15,HILIC,15,Alzheimer's,neurological,17707,t4,positive,1080,2,30,0.0,ST000046,6,24,plasma
162,,LC,Agilent 6220 TOF M,162,AN000077_MCI_AD,0.43592592592592605,0.11910790948341304,15,HILIC,15,Alzheimer's,neurological,17707,t5,positive,0,2,30,0.0,ST000046,6,24,plasma
157,,LC,Agilent 6220 TOF M,157,AN000076_CN_MCI,0.5366666666666667,0.0885247169687839,15,C18,15,Alzheimer's,neurological,11203,t0,positive,4959,2,30,0.0,ST000046,6,24,plasma
165,,LC,Agilent 6220 TOF M,165,AN000078_MCI_AD,0.5292592592592593,0.11300181481238092,15,C18,15,Alzheimer's,neurological,6494,t8,negative,5,2,30,0.0,ST000046,6,24,plasma
40,ST000046,,,40,author_AN000076_CN_MCI,0.5696296296296296,0.1080288535353362,15,,15,Alzheimer's,neurological,46773,o0,,8,2,30,,ST000046,6,24,
180,,LC,Agilent 6220 TOF M,180,IPO_aligned_ST000046_20120620_neg_c18_MCI_AD,0.4000000000000001,0.0820518755913955,15,C18,15,Alzheimer's,neurological,13671,t23,negative,8,2,30,0.0,ST000046,6,24,plasma
179,,LC,Agilent 6220 TOF M,179,IPO_aligned_ST000046_20120620_neg_c18_CN_AD,0.5396296296296297,0.08643289141752035,15,C18,15,Alzheimer's,neurological,13671,t22,negative,5320,2,30,0.0,ST000046,6,24,plasma
178,,LC,Agilent 6220 TOF M,178,IPO_aligned_ST000046_20120620_neg_c18_CN_MCI,0.4292592592592593,0.07727260990432906,15,C18,15,Alzheimer's,neurological,13671,t21,negative,2745,2,30,0.0,ST000046,6,24,plasma
177,,LC,Agilent 6220 TOF M,177,IPO_aligned_ST000046_20120618_pos_c18_MCI_AD,0.39814814814814814,0.07809898400846843,15,C18,15,Alzheimer's,neurological,12009,t20,positive,0,2,30,0.0,ST000046,6,24,plasma
176,,LC,Agilent 6220 TOF M,176,IPO_aligned_ST000046_20120618_pos_c18_CN_AD,0.5888888888888889,0.08762997401391269,15,C18,15,Alzheimer's,neurological,12009,t19,positive,1012,2,30,0.0,ST000046,6,24,plasma
175,,LC,Agilent 6220 TOF M,175,IPO_aligned_ST000046_20120618_pos_c18_CN_MCI,0.5688888888888889,0.11909811980009465,15,C18,15,Alzheimer's,neurological,12009,t18,positive,5163,2,30,0.0,ST000046,6,24,plasma
174,,LC,Agilent 6220 TOF M,174,IPO_aligned_ST000046_20120613_neg_hilic_MCI_AD,0.40851851851851856,0.07462848082931632,15,HILIC,15,Alzheimer's,neurological,9685,t17,negative,0,2,30,0.0,ST000046,6,24,CSF
173,,LC,Agilent 6220 TOF M,173,IPO_aligned_ST000046_20120613_neg_hilic_CN_AD,0.8377777777777778,0.051368113918772766,15,HILIC,15,Alzheimer's,neurological,9685,t16,negative,24,2,30,1.0,ST000046,6,24,CSF
172,,LC,Agilent 6220 TOF M,172,IPO_aligned_ST000046_20120613_neg_hilic_CN_MCI,0.628888888888889,0.0630891980736817,15,HILIC,15,Alzheimer's,neurological,9685,t15,negative,4694,2,30,0.0,ST000046,6,24,CSF
171,,LC,Agilent 6220 TOF M,171,IPO_aligned_ST000046_20120606_neg_hilic_MCI_AD,0.4911111111111111,0.10140575709503112,15,HILIC,15,Alzheimer's,neurological,18223,t14,negative,7,2,30,0.0,ST000046,6,24,plasma
170,,LC,Agilent 6220 TOF M,170,IPO_aligned_ST000046_20120606_neg_hilic_CN_AD,0.7607407407407408,0.08128258553074218,15,HILIC,15,Alzheimer's,neurological,18223,t13,negative,6019,2,30,0.0,ST000046,6,24,plasma
169,,LC,Agilent 6220 TOF M,169,IPO_aligned_ST000046_20120606_neg_hilic_CN_MCI,0.4592592592592593,0.08964187244209347,15,HILIC,15,Alzheimer's,neurological,18223,t12,negative,3625,2,30,0.0,ST000046,6,24,plasma
168,,LC,Agilent 6220 TOF M,168,AN000079_MCI_AD,0.3714814814814815,0.097401774235086,15,HILIC,15,Alzheimer's,neurological,11369,t11,negative,984,2,30,0.0,ST000046,6,24,plasma
167,,LC,Agilent 6220 TOF M,167,AN000079_CN_AD,0.6377777777777779,0.11746989807917818,15,HILIC,15,Alzheimer's,neurological,11369,t10,negative,2406,2,30,0.0,ST000046,6,24,plasma
166,,LC,Agilent 6220 TOF M,166,AN000079_CN_MCI,0.5648148148148149,0.09959107060528706,15,HILIC,15,Alzheimer's,neurological,11369,t9,negative,675,2,30,0.0,ST000046,6,24,plasma
181,,LC,Agilent 6220 TOF M,181,IPO_aligned_ST000046_20120625_pos_c18_CN_MCI,0.6755555555555558,0.06274909210236257,15,C18,15,Alzheimer's,neurological,6167,t24,positive,1236,2,30,0.0,ST000046,6,24,CSF
182,,LC,Agilent 6220 TOF M,182,IPO_aligned_ST000046_20120625_pos_c18_CN_AD,0.6111111111111114,0.105370207641611,15,C18,15,Alzheimer's,neurological,6167,t25,positive,571,2,30,0.0,ST000046,6,24,CSF
183,,LC,Agilent 6220 TOF M,183,IPO_aligned_ST000046_20120625_pos_c18_MCI_AD,0.4729629629629629,0.10198375297593358,15,C18,15,Alzheimer's,neurological,6167,t26,positive,57,2,30,0.0,ST000046,6,24,CSF
184,,LC,Agilent 6220 TOF M,184,XCMS-Report-annotated-SingleClass.04jun12_CN_MCI,0.7403703703703706,0.07817271862293049,15,HILIC,15,Alzheimer's,neurological,2096,t27,positive,104,2,30,0.0,ST000046,6,24,plasma
41,ST000046,,,41,author_AN000076_CN_AD,0.5644444444444444,0.0917322997357791,15,,15,Alzheimer's,neurological,46773,o1,,4736,2,30,,ST000046,6,24,
42,ST000046,,,42,author_AN000076_MCI_AD,0.4122222222222224,0.1042847478875761,15,,15,Alzheimer's,neurological,46773,o2,,5,2,30,,ST000046,6,24,
43,ST000046,,,43,reprocessed_IPO_aligned_ST000046_20120606_neg_hilic_CN_MCI,0.5559259259259259,0.08157318072407789,15,,15,Alzheimer's,neurological,45999,o3,,8223,2,30,,ST000046,6,24,
44,ST000046,,,44,reprocessed_IPO_aligned_ST000046_20120606_neg_hilic_CN_AD,0.7266666666666668,0.06103362090404301,15,,15,Alzheimer's,neurological,45999,o4,,8417,2,30,,ST000046,6,24,
45,ST000046,,,45,reprocessed_IPO_aligned_ST000046_20120606_neg_hilic_MCI_AD,0.4192592592592594,0.10199384042296362,15,,15,Alzheimer's,neurological,45999,o5,,62,2,30,,ST000046,6,24,
46,ST000046,,,46,reprocessed_IPO_aligned_ST000046_20120613_neg_hilic_CN_MCI,0.765925925925926,0.055846153555468965,15,,15,Alzheimer's,neurological,17797,o6,,114,2,30,,ST000046,6,24,
47,ST000046,,,47,reprocessed_IPO_aligned_ST000046_20120613_neg_hilic_CN_AD,0.8622222222222223,0.042319575872846515,15,,15,Alzheimer's,neurological,17797,o7,,1051,2,30,,ST000046,6,24,
164,,LC,Agilent 6220 TOF M,164,AN000078_CN_AD,0.5433333333333333,0.09355133271018563,15,C18,15,Alzheimer's,neurological,6494,t7,negative,543,2,30,1.0,ST000046,6,24,plasma
48,ST000046,,,48,reprocessed_IPO_aligned_ST000046_20120613_neg_hilic_MCI_AD,0.6211111111111112,0.10565687145470808,15,,15,Alzheimer's,neurological,17797,o8,,6298,2,30,,ST000046,6,24,
191,,LC,Agilent 6220 TOF M,191,XCMS-Report-annotated-SingleClass.27jun12_CN_AD,0.8755555555555556,0.06301087501670143,15,C18,15,Alzheimer's,neurological,942,t34,negative,14,2,30,1.0,ST000046,6,24,CSF
190,,LC,Agilent 6220 TOF M,190,XCMS-Report-annotated-SingleClass.27jun12_CN_MCI,0.7933333333333336,0.06049181150584978,15,C18,15,Alzheimer's,neurological,942,t33,negative,19,2,30,10.0,ST000046,6,24,CSF
189,,LC,Agilent 6220 TOF M,189,XCMS-Report-annotated-SingleClass.11jun12_MCI_AD,0.6796296296296298,0.08094520492453118,15,HILIC,15,Alzheimer's,neurological,1003,t32,positive,54,2,30,10.0,ST000046,6,24,CSF
188,,LC,Agilent 6220 TOF M,188,XCMS-Report-annotated-SingleClass.11jun12_CN_AD,0.8770370370370373,0.06830898893865776,15,HILIC,15,Alzheimer's,neurological,1003,t31,positive,984,2,30,2.0,ST000046,6,24,CSF
187,,LC,Agilent 6220 TOF M,187,XCMS-Report-annotated-SingleClass.11jun12_CN_MCI,0.8607407407407408,0.08233892285386814,15,HILIC,15,Alzheimer's,neurological,1003,t30,positive,456,2,30,0.0,ST000046,6,24,CSF
186,,LC,Agilent 6220 TOF M,186,XCMS-Report-annotated-SingleClass.04jun12_MCI_AD,0.5651851851851852,0.0996592273260276,15,HILIC,15,Alzheimer's,neurological,2096,t29,positive,238,2,30,0.0,ST000046,6,24,plasma
163,,LC,Agilent 6220 TOF M,163,AN000078_CN_MCI,0.3877777777777778,0.10124126746877048,15,C18,15,Alzheimer's,neurological,6494,t6,negative,5,2,30,0.0,ST000046,6,24,plasma
192,,LC,Agilent 6220 TOF M,192,XCMS-Report-annotated-SingleClass.27jun12_MCI_AD,0.6418518518518519,0.08799005430765725,15,C18,15,Alzheimer's,neurological,942,t35,negative,922,2,30,0.0,ST000046,6,24,CSF
185,,LC,Agilent 6220 TOF M,185,XCMS-Report-annotated-SingleClass.04jun12_CN_AD,0.8444444444444446,0.06542045086168774,15,HILIC,15,Alzheimer's,neurological,2096,t28,positive,160,2,30,7.0,ST000046,6,24,plasma
90,ST000062,,,90,reprocessed_XCMS-Report-annotated-SingleClass-GCTOF,0.861487242798354,0.023581873714881584,48,,46,Depression,neurological,8158,z0,,7958,2,94,,ST000062,18,76,
193,,GC,Leco GC-TOF,193,AN000100,0.6867744855967077,0.04338260150837474,49,silica,48,Depression,neurological,153,u0,positive,16,2,97,28.0,ST000062,18,79,plasma
194,,GC,Leco GC-TOF,194,XCMS-Report-annotated-SingleClass-GCTOF.plasma,0.7146427983539093,0.03698102237891677,49,silica,48,Depression,neurological,4318,u1,positive,1621,2,97,1260.0,ST000062,18,79,plasma
195,,GC,Leco GC-TOF,195,AN000101,0.8715860082304527,0.019339716591593246,47,silica,47,Depression,neurological,167,v0,positive,167,2,94,83.0,ST000063,18,76,CSF
196,,GC,Leco GC-TOF,196,XCMS-Report-annotated-SingleClass-GCTOF.,0.9326510288065842,0.014086567962970729,49,silica,48,Depression,neurological,3840,v1,positive,3638,2,97,521.0,ST000063,18,79,CSF
197,,LC,Agilent 1260-AB Sciex 5500,197,AN000452_Healthy_CRC,0.8203267973856209,0.01890565829449924,64,HILIC,84,Colorectal Cancer,cancer,113,w0,unknown,42,2,148,25.0,ST000284,28,120,serum
198,,LC,Agilent 1260-AB Sciex 5500,198,AN000452_Healthy_Polyp,0.5268946078431374,0.03757816682921944,76,HILIC,84,Colorectal Cancer,cancer,113,w1,unknown,113,2,160,0.0,ST000284,31,129,serum
199,,LC,Agilent 1260-AB Sciex 5500,199,AN000452_CRC_Polyp,0.8118069800569799,0.022722403253564886,76,HILIC,64,Colorectal Cancer,cancer,113,w2,unknown,16,2,140,31.0,ST000284,27,113,serum
200,,LC,Agilent 6530 QTOF,200,AN000525_MCD_FSGS,0.5961111111111113,0.1072107074991539,9,C18,11,"minimal change disease, focal segmental sclerosis",glomerular,179,x0,positive,10,2,20,0.0,ST000329,3,17,urine
201,,LC,Agilent 6530 QTOF,201,AN000525_MCD_Control,0.8105555555555555,0.10509989369319543,11,C18,10,"minimal change disease, focal segmental sclerosis",glomerular,179,x1,positive,1,2,21,37.0,ST000329,4,17,urine
205,,LC,Agilent 6530 QTOF,205,AN000526_FSGS_Control,0.8283333333333334,0.06282692274990255,9,C18,10,"minimal change disease, focal segmental sclerosis",glomerular,108,x5,negative,108,2,19,29.0,ST000329,3,16,urine
204,,LC,Agilent 6530 QTOF,204,AN000526_MCD_Control,0.7716666666666665,0.09691061173404418,11,C18,10,"minimal change disease, focal segmental sclerosis",glomerular,108,x4,negative,6,2,21,25.0,ST000329,4,17,urine
206,,LC,Agilent 6530 QTOF,206,IPO_aligned_ST000329_pos_MCD_FSGS,0.38666666666666666,0.10957831631945901,9,C18,11,"minimal change disease, focal segmental sclerosis",glomerular,17498,x6,positive,5346,2,20,0.0,ST000329,3,17,urine
207,,LC,Agilent 6530 QTOF,207,IPO_aligned_ST000329_pos_MCD_Control,0.9572222222222222,0.04547757553501738,11,C18,10,"minimal change disease, focal segmental sclerosis",glomerular,17498,x7,positive,1277,2,21,969.0,ST000329,4,17,urine
209,,LC,Agilent 6530 QTOF,209,IPO_aligned_ST000329_neg_MCD_FSGS,0.4405555555555557,0.08868205101845304,9,C18,11,"minimal change disease, focal segmental sclerosis",glomerular,6256,x9,negative,73,2,20,0.0,ST000329,3,17,urine
210,,LC,Agilent 6530 QTOF,210,IPO_aligned_ST000329_neg_MCD_Control,0.917222222222222,0.058607819812802074,11,C18,10,"minimal change disease, focal segmental sclerosis",glomerular,6256,x10,negative,557,2,21,237.0,ST000329,4,17,urine
211,,LC,Agilent 6530 QTOF,211,IPO_aligned_ST000329_neg_FSGS_Control,0.9133333333333334,0.060461190490723515,9,C18,10,"minimal change disease, focal segmental sclerosis",glomerular,6256,x11,negative,283,2,19,215.0,ST000329,3,16,urine
203,,LC,Agilent 6530 QTOF,203,AN000526_MCD_FSGS,0.3622222222222223,0.08818471074895322,9,C18,11,"minimal change disease, focal segmental sclerosis",glomerular,108,x3,negative,107,2,20,0.0,ST000329,3,17,urine
202,,LC,Agilent 6530 QTOF,202,AN000525_FSGS_Control,0.6033333333333334,0.112496913537908,9,C18,10,"minimal change disease, focal segmental sclerosis",glomerular,179,x2,positive,26,2,19,55.0,ST000329,3,16,urine
208,,LC,Agilent 6530 QTOF,208,IPO_aligned_ST000329_pos_FSGS_Control,0.8850000000000001,0.05937171043518957,9,C18,10,"minimal change disease, focal segmental sclerosis",glomerular,17498,x8,positive,684,2,19,403.0,ST000329,3,16,urine
50,ST000329,,,50,author_AN000525_MCD_Control,0.8044444444444443,0.08486736201745915,11,,10,"minimal change disease, focal segmental sclerosis",glomerular,287,p1,,88,2,21,,ST000329,4,17,
51,ST000329,,,51,author_AN000525_FSGS_Control,0.7016666666666667,0.09956851354162563,9,,10,"minimal change disease, focal segmental sclerosis",glomerular,287,p2,,8,2,19,,ST000329,3,16,
52,ST000329,,,52,reprocessed_IPO_aligned_ST000329_pos_MCD_FSGS,0.3800000000000001,0.10932452539047152,9,,11,"minimal change disease, focal segmental sclerosis",glomerular,23754,p3,,5,2,20,,ST000329,3,17,
53,ST000329,,,53,reprocessed_IPO_aligned_ST000329_pos_MCD_Control,0.9316666666666666,0.05858675112521095,11,,10,"minimal change disease, focal segmental sclerosis",glomerular,23754,p4,,397,2,21,,ST000329,4,17,
54,ST000329,,,54,reprocessed_IPO_aligned_ST000329_pos_FSGS_Control,0.8949999999999999,0.09340770846134702,9,,10,"minimal change disease, focal segmental sclerosis",glomerular,23754,p5,,694,2,19,,ST000329,3,16,
49,ST000329,,,49,author_AN000525_MCD_FSGS,0.4844444444444445,0.10826351026232704,9,,11,"minimal change disease, focal segmental sclerosis",glomerular,287,p0,,10,2,20,,ST000329,3,17,
55,ST000355,,,55,author_AN000580,0.9863652263374486,0.0024153041759563845,135,,76,Breast Cancer,cancer,227,q0,,14,2,211,,ST000355,42,169,
213,,LC,Agilent 6220 MSD,213,AN000581,0.9667510288065844,0.007839400591190347,135,C18,76,Breast Cancer,cancer,99,y1,unknown,99,2,211,47.0,ST000355,42,169,plasma
212,,GC,LECO-Pegasus HT TOF MS,212,AN000580,0.9855462962962964,0.002539758410483208,135,silica,76,Breast Cancer,cancer,128,y0,positive,128,2,211,51.0,ST000355,42,169,plasma
56,ST000356,,,56,author_AN000582,0.995979969765684,0.004121472114312282,103,,31,Breast Cancer,cancer,272,r0,,11,2,134,,ST000356,26,108,
215,,LC,Agilent 6220 MSD,215,AN000583,0.9979852607709748,0.003033677108560124,103,C18,31,Breast Cancer,cancer,171,z1,unknown,10,2,134,110.0,ST000356,26,108,serum
214,,GC,LECO-Pegasus HT TOF MS,214,AN000582,0.9961473922902494,0.0050957443300530605,103,silica,31,Breast Cancer,cancer,101,z0,positive,10,2,134,70.0,ST000356,26,108,serum
219,,GC,Pegasus III GC-TOFMS,219,IPO_aligned_ST000381_pos,0.4599431818181818,0.04195450276745262,56,silica,36,interstitial cystitis/painful bladder syndrome,other,2633,A3,positive,22,2,92,0.0,ST000381,18,74,urine
217,,LC,Agilent 6530 Accurate Mass QTOF,217,AN000616,0.7007350288600288,0.054304902135688685,58,C18,36,interstitial cystitis/painful bladder syndrome,other,1280,A1,positive,14,2,94,0.0,ST000381,18,76,urine
216,,GC,Pegasus III GC-TOFMS,216,AN000615,0.5412806637806639,0.05091140475743215,56,silica,36,interstitial cystitis/painful bladder syndrome,other,200,A0,positive,200,2,92,0.0,ST000381,18,74,urine
218,,LC,Agilent 6530 Accurate Mass QTOF,218,AN000617,0.6007756132756134,0.04236838213757218,58,C18,36,interstitial cystitis/painful bladder syndrome,other,678,A2,negative,101,2,94,0.0,ST000381,18,76,urine
220,,GC,LECO Pegasus IV,220,AN000618,0.9449382716049384,0.03792152460877818,44,silica,12,Obesity - Non-diabetic and T2 diabetic,metabolic,106,B0,positive,106,2,56,15.0,ST000383,10,46,plasma
226,,GC,Agilent 6890 GC - LECO GC TOF,226,IPO_aligned_ST000385_adc2_serum,0.5948818342151675,0.06508142399824975,48,silica,31,lung cancer - adenocarcinoma,cancer,987,C5,positive,18,2,79,0.0,ST000385,15,64,serum
229,,GC,Agilent 6890 GC - LECO GC TOF,229,IPO_aligned_ST000385_onebatch_plasma,0.6466419753086421,0.03337801303711393,90,silica,75,lung cancer - adenocarcinoma,cancer,2331,C8,positive,1282,2,165,2.0,ST000385,33,132,plasma
225,,GC,Agilent 6890 GC - LECO GC TOF,225,IPO_aligned_ST000385_adc2_plasma,0.6474902998236332,0.056802498487373086,48,silica,31,lung cancer - adenocarcinoma,cancer,1506,C4,positive,13,2,79,0.0,ST000385,15,64,plasma
224,,GC,Agilent 6890 GC - LECO GC TOF,224,AN000620_serum,0.7684760802469134,0.02801992498565957,43,silica,43,lung cancer - adenocarcinoma,cancer,152,C3,positive,37,2,86,19.0,ST000385,16,70,serum
223,,GC,Agilent 6890 GC - LECO GC TOF,223,AN000620_plasma,0.8014274691358025,0.0292723616041274,43,silica,43,lung cancer - adenocarcinoma,cancer,152,C2,positive,32,2,86,19.0,ST000385,16,70,plasma
222,,GC,Agilent 6890 GC - LECO Pegasus IV,222,AN000603_serum,0.7738306878306881,0.0463702822271131,48,silica,31,lung cancer - adenocarcinoma,cancer,181,C1,positive,33,2,79,0.0,ST000385,15,64,serum
221,,GC,Agilent 6890 GC - LECO Pegasus IV,221,AN000603_plasma,0.7181904761904762,0.0466682551409936,48,silica,31,lung cancer - adenocarcinoma,cancer,181,C0,positive,60,2,79,6.0,ST000385,15,64,plasma
57,ST000385,,,57,author_AN000603_plasma,0.7865396825396824,0.03043559171191426,48,,31,lung cancer - adenocarcinoma,cancer,362,s0,,224,2,79,,ST000385,15,64,
58,ST000385,,,58,author_AN000620_plasma,0.7790573559670781,0.034669936747287064,43,,43,lung cancer - adenocarcinoma,cancer,304,s1,,303,2,86,,ST000385,16,70,
59,ST000385,,,59,reprocessed_IPO_aligned_ST000385_adc2_plasma,0.6307089947089947,0.06658959403651807,48,,31,lung cancer - adenocarcinoma,cancer,2493,s2,,20,2,79,,ST000385,15,64,
230,,GC,Agilent 6890 GC - LECO GC TOF,230,IPO_aligned_ST000385_onebatch_serum,0.5815953773322194,0.03430400272841185,91,silica,74,lung cancer - adenocarcinoma,cancer,2276,C9,positive,1247,2,165,1.0,ST000385,32,133,serum
60,ST000385,,,60,reprocessed_IPO_aligned_ST000385_adc1_plasma,0.7654140946502057,0.03670160975683715,43,,43,lung cancer - adenocarcinoma,cancer,4400,s3,,820,2,86,,ST000385,16,70,
61,ST000385,,,61,reprocessed_IPO_aligned_ST000385_onebatch_plasma,0.6552345679012347,0.024431484281008067,90,,75,lung cancer - adenocarcinoma,cancer,4607,s4,,116,2,165,,ST000385,33,132,
227,,GC,Agilent 6890 GC - LECO Pegasus IV,227,IPO_aligned_ST000385_adc1_plasma,0.7713297325102884,0.034946155373546416,43,silica,43,lung cancer - adenocarcinoma,cancer,2558,C6,positive,49,2,86,76.0,ST000385,16,70,plasma
228,,GC,Agilent 6890 GC - LECO Pegasus IV,228,IPO_aligned_ST000385_adc1_serum,0.7402777777777778,0.03609014143969689,43,silica,43,lung cancer - adenocarcinoma,cancer,1842,C7,positive,23,2,86,48.0,ST000385,16,70,serum
231,,LC,Agilent 6530 Accurate Mass QTOF,231,AN000624_LC,0.4434871794871796,0.03139405477845812,65,HILIC,29,Lung cancer,cancer,988,D0,positive,0,2,94,0.0,ST000388,18,76,serum
232,,LC,Agilent 6530 Accurate Mass QTOF,232,IPO_aligned_ST000388_LC,0.5869059829059828,0.048306990637351235,65,HILIC,29,Lung cancer,cancer,43044,D1,positive,726,2,94,0.0,ST000388,18,76,serum
88,ST000388,,,88,reprocessed_ST000388,0.5771452991452991,0.06793271004254789,65,,28,Lung cancer,cancer,45028,y0,,270,2,93,,ST000388,18,75,
89,ST000388,,,89,author_ST000388,0.4312991452991453,0.032687627171790794,65,,28,Lung cancer,cancer,1117,y1,,45,2,93,,ST000388,18,75,
233,,GC,Pegasus III GC-TOFMS,233,AN000625_GC,0.6003931623931624,0.047455285173264784,65,silica,29,Lung cancer,cancer,129,E0,positive,129,2,94,0.0,ST000389,18,76,serum
234,,GC,Pegasus III GC-TOFMS,234,IPO_aligned_ST000388_GC,0.6206666666666668,0.03575604634015715,65,silica,29,Lung cancer,cancer,1984,E1,positive,1977,2,94,0.0,ST000389,18,76,serum
240,,GC,Agilent 6890 GC (ion trap),240,IPO_aligned_ST000392_plasma_1e-1_prefilt,0.7029758230452676,0.047774648153202086,41,silica,41,Lung cancer,cancer,2542,F5,positive,206,2,82,26.0,ST000392,16,66,plasma
62,ST000392,,,62,author_AN000628_plasma,0.8008294753086421,0.02843789010916838,41,,41,Lung cancer,cancer,316,t0,,12,2,82,,ST000392,16,66,
242,,GC,Agilent 6890 GC (ion trap),242,IPO_aligned_ST000392_plasma_1_5_profstep,0.6976556069958847,0.03519730948172525,41,silica,41,Lung cancer,cancer,2542,F7,positive,224,2,82,25.0,ST000392,16,66,plasma
236,,GC,Agilent 6890 GC (ion trap),236,AN000628_serum,0.6955028292181069,0.03965745218013216,41,silica,41,Lung cancer,cancer,158,F1,positive,14,2,82,11.0,ST000392,16,66,serum
237,,GC,Agilent 6890 GC (ion trap),237,IPO_aligned_ST000392_plasma,0.6622800925925926,0.04028215187755473,41,silica,41,Lung cancer,cancer,1966,F2,positive,26,2,82,24.0,ST000392,16,66,plasma
238,,GC,Agilent 6890 GC (ion trap),238,IPO_aligned_ST000392_plasma_12_bw,0.6334632201646091,0.04933914383041756,41,silica,41,Lung cancer,cancer,1560,F3,positive,162,2,82,16.0,ST000392,16,66,plasma
239,,GC,Agilent 6890 GC (ion trap),239,IPO_aligned_ST000392_plasma_15-25_peakwidth,0.6271977880658436,0.044393336959880486,41,silica,41,Lung cancer,cancer,1044,F4,positive,1028,2,82,18.0,ST000392,16,66,plasma
63,ST000392,,,63,reprocessed_IPO_aligned_ST000392_plasma,0.6529282407407407,0.03934280885112528,41,,41,Lung cancer,cancer,2667,t1,,965,2,82,,ST000392,16,66,
241,,GC,Agilent 6890 GC (ion trap),241,IPO_aligned_ST000392_plasma_1e-4_prefilt,0.7022479423868312,0.0409542055885442,41,silica,41,Lung cancer,cancer,2581,F6,positive,1403,2,82,23.0,ST000392,16,66,plasma
243,,GC,Agilent 6890 GC (ion trap),243,IPO_aligned_ST000392_plasma_2000_noise,0.6962268518518517,0.039317249825976126,41,silica,41,Lung cancer,cancer,2046,F8,positive,497,2,82,34.0,ST000392,16,66,plasma
235,,GC,Agilent 6890 GC (ion trap),235,AN000628_plasma,0.8107265946502058,0.02453244758721061,41,silica,41,Lung cancer,cancer,158,F0,positive,149,2,82,25.0,ST000392,16,66,plasma
262,,GC,Agilent 6890 GC (ion trap),262,IPO_aligned_ST000392_serum_5e-1_profstep,0.6365277777777777,0.049321100320745666,41,silica,41,Lung cancer,cancer,2131,F27,positive,470,2,82,0.0,ST000392,16,66,serum
261,,GC,Agilent 6890 GC (ion trap),261,IPO_aligned_ST000392_serum_5e-1_bw,0.6429436728395063,0.0456785826061944,41,silica,41,Lung cancer,cancer,2143,F26,positive,44,2,82,0.0,ST000392,16,66,serum
260,,GC,Agilent 6890 GC (ion trap),260,IPO_aligned_ST000392_serum_4_bw,0.6496643518518519,0.042106818182400134,41,silica,41,Lung cancer,cancer,1751,F25,positive,1741,2,82,1.0,ST000392,16,66,serum
259,,GC,Agilent 6890 GC (ion trap),259,IPO_aligned_ST000392_serum_4-10_peakwidth,0.7038541666666667,0.03658153073730827,41,silica,41,Lung cancer,cancer,2138,F24,positive,1274,2,82,1.0,ST000392,16,66,serum
258,,GC,Agilent 6890 GC (ion trap),258,IPO_aligned_ST000392_serum_2e-3_mzwid,0.6411046810699589,0.039650025093266116,41,silica,41,Lung cancer,cancer,2131,F23,positive,1258,2,82,0.0,ST000392,16,66,serum
257,,GC,Agilent 6890 GC (ion trap),257,IPO_aligned_ST000392_serum_2e-1_mzwid,0.6430761316872429,0.049984100716890766,41,silica,41,Lung cancer,cancer,2131,F22,positive,2125,2,82,0.0,ST000392,16,66,serum
256,,GC,Agilent 6890 GC (ion trap),256,IPO_aligned_ST000392_serum_2000_noise,0.6343904320987654,0.0408943733442334,41,silica,41,Lung cancer,cancer,1755,F21,positive,47,2,82,1.0,ST000392,16,66,serum
255,,GC,Agilent 6890 GC (ion trap),255,IPO_aligned_ST000392_serum_1_5_profstep,0.6580028292181069,0.044076993255858336,41,silica,41,Lung cancer,cancer,2131,F20,positive,1259,2,82,0.0,ST000392,16,66,serum
253,,GC,Agilent 6890 GC (ion trap),253,IPO_aligned_ST000392_serum_1e-1_mzdiff,0.6395949074074073,0.04073860969873522,41,silica,41,Lung cancer,cancer,2131,F18,positive,44,2,82,0.0,ST000392,16,66,serum
252,,GC,Agilent 6890 GC (ion trap),252,IPO_aligned_ST000392_serum_15-25_peakwidth,0.6322852366255145,0.04464637359235859,41,silica,41,Lung cancer,cancer,797,F17,positive,45,2,82,1.0,ST000392,16,66,serum
254,,GC,Agilent 6890 GC (ion trap),254,IPO_aligned_ST000392_serum_1e-4_mzdiff,0.6551646090534979,0.0484556430779112,41,silica,41,Lung cancer,cancer,2161,F19,positive,191,2,82,0.0,ST000392,16,66,serum
250,,GC,Agilent 6890 GC (ion trap),250,IPO_aligned_ST000392_serum,0.6033899176954732,0.0456440874914732,41,silica,41,Lung cancer,cancer,701,F15,positive,699,2,82,0.0,ST000392,16,66,serum
249,,GC,Agilent 6890 GC (ion trap),249,IPO_aligned_ST000392_plasma_5e-1_profstep,0.7028806584362141,0.0461164968526988,41,silica,41,Lung cancer,cancer,2542,F14,positive,2511,2,82,26.0,ST000392,16,66,plasma
248,,GC,Agilent 6890 GC (ion trap),248,IPO_aligned_ST000392_plasma_5e-1_bw,0.7079475308641977,0.04698897851743777,41,silica,41,Lung cancer,cancer,2562,F13,positive,901,2,82,24.0,ST000392,16,66,plasma
247,,GC,Agilent 6890 GC (ion trap),247,IPO_aligned_ST000392_plasma_4_bw,0.6770023148148149,0.04070797009374224,41,silica,41,Lung cancer,cancer,2120,F12,positive,1222,2,82,23.0,ST000392,16,66,plasma
246,,GC,Agilent 6890 GC (ion trap),246,IPO_aligned_ST000392_plasma_4-10_peakwidth,0.7190817901234566,0.04328484618290367,41,silica,41,Lung cancer,cancer,2541,F11,positive,1380,2,82,27.0,ST000392,16,66,plasma
245,,GC,Agilent 6890 GC (ion trap),245,IPO_aligned_ST000392_plasma_2e-3_mzwid,0.7124807098765432,0.03975135325374056,41,silica,41,Lung cancer,cancer,2542,F10,positive,561,2,82,26.0,ST000392,16,66,plasma
251,,GC,Agilent 6890 GC (ion trap),251,IPO_aligned_ST000392_serum_12_bw,0.6510249485596709,0.04512104247305098,41,silica,41,Lung cancer,cancer,1223,F16,positive,1220,2,82,0.0,ST000392,16,66,serum
244,,GC,Agilent 6890 GC (ion trap),244,IPO_aligned_ST000392_plasma_2e-1_mzwid,0.7293698559670782,0.050914302722292436,41,silica,41,Lung cancer,cancer,2542,F9,positive,576,2,82,26.0,ST000392,16,66,plasma
263,,GC,Agilent 6890 GC (ion trap),263,AN000633,0.4879059829059829,0.02679187827475927,100,silica,199,"lung cancer - non-small-cell lung cancer (adenocarcinoma, etc)",cancer,129,G0,positive,32,2,299,0.0,ST000396,59,240,plasma
264,,GC,Agilent 6890 GC (ion trap),264,IPO_aligned_ST000396,0.4712952991452992,0.022205364143091638,100,silica,199,"lung cancer - non-small-cell lung cancer (adenocarcinoma, etc)",cancer,796,G1,positive,5,2,299,0.0,ST000396,59,240,plasma
64,ST000450,,,64,author_AN000705,0.9006084656084655,0.020719893555954275,45,,39,Chronic fatigue,other,421,u0,,148,2,84,,ST000450,16,68,
266,,LC,Qtrap 5500 Triple quadrupol,266,AN000706,0.7784391534391536,0.047904055964681724,45,HILIC,39,Chronic fatigue,other,206,H1,negative,206,2,84,0.0,ST000450,16,68,plasma
265,,LC,Qtrap 5500 Triple quadrupol,265,AN000705,0.9174867724867724,0.02357889477298717,45,HILIC,39,Chronic fatigue,other,215,H0,positive,215,2,84,40.0,ST000450,16,68,plasma
267,,LC,Thermo LTQ-FT Velos Orbitrap,267,AN000888,0.996652823920266,0.002990164384009159,214,C18,20,Malaria (P. vivax),infectious,20347,I0,positive,50,2,234,4254.0,ST000578,46,188,plasma
65,ST000578,,,65,author_AN000888,0.9967248062015504,0.002241216025149733,214,,20,Malaria (P. vivax),infectious,37143,v0,,244,2,234,,ST000578,46,188,
269,,LC,Thermo LTQ-FT Velos Orbitrap,269,IPO_aligned_ST000578_AE,0.9926421188630492,0.004225962830762426,214,Anion Exchange,20,Malaria (P. vivax),infectious,8473,I2,positive,4899,2,234,5260.0,ST000578,46,188,plasma
66,ST000578,,,66,reprocessed_IPO_aligned_ST000578_AE,0.9987956810631228,0.0012206497879506785,214,,20,Malaria (P. vivax),infectious,29139,v1,,194,2,234,,ST000578,46,188,
270,,LC,Thermo LTQ-FT Velos Orbitrap,270,IPO_aligned_ST000578_C18,0.9980546327057956,0.002775268086983748,214,C18,20,Malaria (P. vivax),infectious,20666,I3,positive,330,2,234,8641.0,ST000578,46,188,plasma
268,,LC,Thermo LTQ-FT Velos Orbitrap,268,AN000889,0.9837606127722408,0.0071876490513840575,214,Anion Exchange,20,Malaria (P. vivax),infectious,16796,I1,positive,564,2,234,3702.0,ST000578,46,188,plasma
271,,LC,Velos Orbitrap Pro,271,AN000929,0.9449999999999998,0.03947573094109003,10,C18,10,Stability of dried blood samples - diabetic men,metabolic,263,J0,positive,243,2,20,36.0,ST000608,4,16,DBS-serum
273,,GC,Agilent GC 7890A,273,AN000931,0.875,0.07932002689527194,10,5% phenyl-methyl silica,10,Stability of dried blood samples - diabetic men,metabolic,86,J2,both,85,2,20,0.0,ST000608,4,16,DBS-serum
67,ST000608,,,67,author_AN000929,0.9366666666666666,0.044596960534198836,10,,10,Stability of dried blood samples - diabetic men,metabolic,422,w0,,10,2,20,,ST000608,4,16,
272,,LC,Velos Orbitrap Pro,272,AN000930,0.9283333333333332,0.04017323597731315,10,C18,10,Stability of dried blood samples - diabetic men,metabolic,73,J1,negative,53,2,20,0.0,ST000608,4,16,DBS-serum
74,ST000763,,,74,author_AN001201_PAH_LowRisk,0.7796031746031745,0.0564117322079036,44,,38,scleroderma PAH,autoimmune,271,x6,,260,2,82,,ST000763,15,67,
73,ST000763,,,73,author_AN001201_PAH_Borderline Pressures,0.7061590608465611,0.05238257304462169,42,,38,scleroderma PAH,autoimmune,271,x5,,125,2,80,,ST000763,15,65,
72,ST000763,,,72,author_AN001201_PAH_Normal Pressures,0.7940178571428571,0.07787780620837961,20,,38,scleroderma PAH,autoimmune,271,x4,,270,2,58,,ST000763,11,47,
71,ST000763,,,71,author_AN001201_Healthy_LowRisk,0.7834131393298059,0.03455337184362483,44,,74,scleroderma PAH,autoimmune,271,x3,,76,2,118,,ST000763,22,96,
70,ST000763,,,70,author_AN001201_Healthy_Borderline Pressures,0.8649162257495592,0.021502486812405387,42,,74,scleroderma PAH,autoimmune,271,x2,,18,2,116,,ST000763,22,94,
69,ST000763,,,69,author_AN001201_Healthy_Normal Pressures,0.9095714285714288,0.015252894599084897,20,,74,scleroderma PAH,autoimmune,271,x1,,31,2,94,,ST000763,18,76,
312,,LC,6530 Q-TOF,312,IPO_aligned_ST000763_untar_neg_Normal Pressures_LowRisk,0.9586805555555556,0.019170314668939918,44,C18,20,scleroderma PAH,autoimmune,28580,K38,negative,1526,2,64,952.0,ST000763,12,52,plasma
313,,LC,6530 Q-TOF,313,IPO_aligned_ST000763_untar_neg_Borderline Pressures_LowRisk,0.8709837962962964,0.030937024017734124,44,C18,42,scleroderma PAH,autoimmune,28580,K39,negative,543,2,86,1383.0,ST000763,16,70,plasma
308,,LC,6530 Q-TOF,308,IPO_aligned_ST000763_untar_neg_PAH_Normal Pressures,0.8890773809523811,0.06951020766528614,20,C18,38,scleroderma PAH,autoimmune,28580,K34,negative,0,2,58,24.0,ST000763,11,47,plasma
307,,LC,6530 Q-TOF,307,IPO_aligned_ST000763_untar_neg_Healthy_LowRisk,0.8691560846560846,0.02791279573941185,44,C18,74,scleroderma PAH,autoimmune,28580,K33,negative,14041,2,118,831.0,ST000763,22,96,plasma
306,,LC,6530 Q-TOF,306,IPO_aligned_ST000763_untar_neg_Healthy_Borderline Pressures,0.8917076719576721,0.017872447014978702,42,C18,74,scleroderma PAH,autoimmune,28580,K32,negative,21834,2,116,6882.0,ST000763,22,94,plasma
68,ST000763,,,68,author_AN001201_Healthy_PAH,0.8613197278911565,0.02270044073841242,38,,74,scleroderma PAH,autoimmune,271,x0,,141,2,112,,ST000763,21,91,
75,ST000763,,,75,author_AN001201_Normal Pressures_Borderline Pressures,0.8495601851851853,0.06674702991316603,42,,20,scleroderma PAH,autoimmune,271,x7,,260,2,62,,ST000763,12,50,
287,,LC,6530 Q-TOF,287,AN001202_Healthy_LowRisk,0.6139792768959434,0.04438204302807395,44,C18,74,scleroderma PAH,autoimmune,133,K13,positive,23,2,118,2.0,ST000763,22,96,plasma
76,ST000763,,,76,author_AN001201_Normal Pressures_LowRisk,0.8362731481481479,0.029709284206670187,44,,20,scleroderma PAH,autoimmune,271,x8,,271,2,64,,ST000763,12,52,
77,ST000763,,,77,author_AN001201_Borderline Pressures_LowRisk,0.7482240226337448,0.03993520415294899,44,,42,scleroderma PAH,autoimmune,271,x9,,12,2,86,,ST000763,16,70,
78,ST000763,,,78,reprocessed_IPO_aligned_ST000763_untar_pos_Healthy_PAH,0.8813911564625851,0.023711073344570226,38,,74,scleroderma PAH,autoimmune,57253,x10,,75,2,112,,ST000763,21,91,
79,ST000763,,,79,reprocessed_IPO_aligned_ST000763_untar_pos_Healthy_Normal Pressures,0.9125396825396828,0.017122710089417743,20,,74,scleroderma PAH,autoimmune,57253,x11,,1269,2,94,,ST000763,18,76,
80,ST000763,,,80,reprocessed_IPO_aligned_ST000763_untar_pos_Healthy_Borderline Pressures,0.8957663139329806,0.017782327084068496,42,,74,scleroderma PAH,autoimmune,57253,x12,,31670,2,116,,ST000763,22,94,
81,ST000763,,,81,reprocessed_IPO_aligned_ST000763_untar_pos_Healthy_LowRisk,0.8801300705467373,0.03653623418992035,44,,74,scleroderma PAH,autoimmune,57253,x13,,19075,2,118,,ST000763,22,96,
82,ST000763,,,82,reprocessed_IPO_aligned_ST000763_untar_pos_PAH_Normal Pressures,0.877827380952381,0.05484744386863352,20,,38,scleroderma PAH,autoimmune,57253,x14,,22188,2,58,,ST000763,11,47,
83,ST000763,,,83,reprocessed_IPO_aligned_ST000763_untar_pos_PAH_Borderline Pressures,0.8849239417989417,0.04398603367359614,42,,38,scleroderma PAH,autoimmune,57253,x15,,26038,2,80,,ST000763,15,65,
84,ST000763,,,84,reprocessed_IPO_aligned_ST000763_untar_pos_PAH_LowRisk,0.8760714285714285,0.03733480312182537,44,,38,scleroderma PAH,autoimmune,57253,x16,,2298,2,82,,ST000763,15,67,
85,ST000763,,,85,reprocessed_IPO_aligned_ST000763_untar_pos_Normal Pressures_Borderline Pressures,0.9345601851851852,0.042756835351874106,42,,20,scleroderma PAH,autoimmune,57253,x17,,26992,2,62,,ST000763,12,50,
86,ST000763,,,86,reprocessed_IPO_aligned_ST000763_untar_pos_Normal Pressures_LowRisk,0.955023148148148,0.02807290175469344,44,,20,scleroderma PAH,autoimmune,57253,x18,,3705,2,64,,ST000763,12,52,
87,ST000763,,,87,reprocessed_IPO_aligned_ST000763_untar_pos_Borderline Pressures_LowRisk,0.8997762345679011,0.02036922413457334,44,,42,scleroderma PAH,autoimmune,57253,x19,,2426,2,86,,ST000763,16,70,
311,,LC,6530 Q-TOF,311,IPO_aligned_ST000763_untar_neg_Normal Pressures_Borderline Pressures,0.9110648148148144,0.05634221217802735,42,C18,20,scleroderma PAH,autoimmune,28580,K37,negative,18782,2,62,0.0,ST000763,12,50,plasma
288,,LC,6530 Q-TOF,288,AN001202_PAH_Normal Pressures,0.7600892857142857,0.06692703328897784,20,C18,38,scleroderma PAH,autoimmune,133,K14,positive,130,2,58,0.0,ST000763,11,47,plasma
304,,LC,6530 Q-TOF,304,IPO_aligned_ST000763_untar_neg_Healthy_PAH,0.8899682539682541,0.026154225779074544,38,C18,74,scleroderma PAH,autoimmune,28580,K30,negative,2881,2,112,8065.0,ST000763,21,91,plasma
305,,LC,6530 Q-TOF,305,IPO_aligned_ST000763_untar_neg_Healthy_Normal Pressures,0.8996507936507936,0.0216237787052256,20,C18,74,scleroderma PAH,autoimmune,28580,K31,negative,7810,2,94,5714.0,ST000763,18,76,plasma
302,,LC,6530 Q-TOF,302,IPO_aligned_ST000763_untar_pos_Normal Pressures_LowRisk,0.9612268518518516,0.019237559556823502,44,C18,20,scleroderma PAH,autoimmune,28673,K28,positive,1385,2,64,1628.0,ST000763,12,52,plasma
289,,LC,6530 Q-TOF,289,AN001202_PAH_Borderline Pressures,0.5912797619047621,0.056696543429640124,42,C18,38,scleroderma PAH,autoimmune,133,K15,positive,133,2,80,0.0,ST000763,15,65,plasma
274,,LC,6530 Q-TOF,274,AN001201_Healthy_PAH,0.7887369614512472,0.0355477856635939,38,C18,74,scleroderma PAH,autoimmune,138,K0,negative,17,2,112,36.0,ST000763,21,91,plasma
275,,LC,6530 Q-TOF,275,AN001201_Healthy_Normal Pressures,0.8995158730158731,0.016345023736826447,20,C18,74,scleroderma PAH,autoimmune,138,K1,negative,7,2,94,28.0,ST000763,18,76,plasma
276,,LC,6530 Q-TOF,276,AN001201_Healthy_Borderline Pressures,0.8386869488536155,0.022611901295184096,42,C18,74,scleroderma PAH,autoimmune,138,K2,negative,13,2,116,34.0,ST000763,22,94,plasma
277,,LC,6530 Q-TOF,277,AN001201_Healthy_LowRisk,0.742511463844797,0.03795860665683328,44,C18,74,scleroderma PAH,autoimmune,138,K3,negative,138,2,118,9.0,ST000763,22,96,plasma
278,,LC,6530 Q-TOF,278,AN001201_PAH_Normal Pressures,0.7595238095238096,0.056137137971553085,20,C18,38,scleroderma PAH,autoimmune,138,K4,negative,133,2,58,0.0,ST000763,11,47,plasma
290,,LC,6530 Q-TOF,290,AN001202_PAH_LowRisk,0.6613095238095238,0.04563213126970958,44,C18,38,scleroderma PAH,autoimmune,133,K16,positive,12,2,82,6.0,ST000763,15,67,plasma
279,,LC,6530 Q-TOF,279,AN001201_PAH_Borderline Pressures,0.6625958994708995,0.04840826633784289,42,C18,38,scleroderma PAH,autoimmune,138,K5,negative,77,2,80,0.0,ST000763,15,65,plasma
281,,LC,6530 Q-TOF,281,AN001201_Normal Pressures_Borderline Pressures,0.7913425925925927,0.06182264987626222,42,C18,20,scleroderma PAH,autoimmune,138,K7,negative,138,2,62,0.0,ST000763,12,50,plasma
282,,LC,6530 Q-TOF,282,AN001201_Normal Pressures_LowRisk,0.8056944444444444,0.05721267000458465,44,C18,20,scleroderma PAH,autoimmune,138,K8,negative,108,2,64,12.0,ST000763,12,52,plasma
283,,LC,6530 Q-TOF,283,AN001201_Borderline Pressures_LowRisk,0.7023842592592594,0.053380662255623115,44,C18,42,scleroderma PAH,autoimmune,138,K9,negative,11,2,86,16.0,ST000763,16,70,plasma
284,,LC,6530 Q-TOF,284,AN001202_Healthy_PAH,0.7973446712018141,0.03120954930023532,38,C18,74,scleroderma PAH,autoimmune,133,K10,positive,132,2,112,25.0,ST000763,21,91,plasma
285,,LC,6530 Q-TOF,285,AN001202_Healthy_Normal Pressures,0.9233015873015872,0.019340577786239186,20,C18,74,scleroderma PAH,autoimmune,133,K11,positive,90,2,94,32.0,ST000763,18,76,plasma
286,,LC,6530 Q-TOF,286,AN001202_Healthy_Borderline Pressures,0.84736860670194,0.026028775033831837,42,C18,74,scleroderma PAH,autoimmune,133,K12,positive,133,2,116,25.0,ST000763,22,94,plasma
280,,LC,6530 Q-TOF,280,AN001201_PAH_LowRisk,0.7770767195767196,0.03818643781032559,44,C18,38,scleroderma PAH,autoimmune,138,K6,negative,64,2,82,20.0,ST000763,15,67,plasma
309,,LC,6530 Q-TOF,309,IPO_aligned_ST000763_untar_neg_PAH_Borderline Pressures,0.9030919312169312,0.039871479627092116,42,C18,38,scleroderma PAH,autoimmune,28580,K35,negative,18595,2,80,0.0,ST000763,15,65,plasma
291,,LC,6530 Q-TOF,291,AN001202_Normal Pressures_Borderline Pressures,0.7759722222222223,0.06022228201445711,42,C18,20,scleroderma PAH,autoimmune,133,K17,positive,133,2,62,0.0,ST000763,12,50,plasma
292,,LC,6530 Q-TOF,292,AN001202_Normal Pressures_LowRisk,0.765324074074074,0.0398923663328258,44,C18,20,scleroderma PAH,autoimmune,133,K18,positive,6,2,64,18.0,ST000763,12,52,plasma
301,,LC,6530 Q-TOF,301,IPO_aligned_ST000763_untar_pos_Normal Pressures_Borderline Pressures,0.9156712962962962,0.052279778705426265,42,C18,20,scleroderma PAH,autoimmune,28673,K27,positive,18939,2,62,0.0,ST000763,12,50,plasma
300,,LC,6530 Q-TOF,300,IPO_aligned_ST000763_untar_pos_PAH_LowRisk,0.8791137566137566,0.03335135619676493,44,C18,38,scleroderma PAH,autoimmune,28673,K26,positive,26,2,82,4897.0,ST000763,15,67,plasma
299,,LC,6530 Q-TOF,299,IPO_aligned_ST000763_untar_pos_PAH_Borderline Pressures,0.8405357142857143,0.0456891291504748,42,C18,38,scleroderma PAH,autoimmune,28673,K25,positive,122,2,80,0.0,ST000763,15,65,plasma
303,,LC,6530 Q-TOF,303,IPO_aligned_ST000763_untar_pos_Borderline Pressures_LowRisk,0.9189866255144034,0.018902462045719392,44,C18,42,scleroderma PAH,autoimmune,28673,K29,positive,18571,2,86,2550.0,ST000763,16,70,plasma
298,,LC,6530 Q-TOF,298,IPO_aligned_ST000763_untar_pos_PAH_Normal Pressures,0.8451190476190479,0.05062520121177225,20,C18,38,scleroderma PAH,autoimmune,28673,K24,positive,138,2,58,0.0,ST000763,11,47,plasma
310,,LC,6530 Q-TOF,310,IPO_aligned_ST000763_untar_neg_PAH_LowRisk,0.8618386243386242,0.03739983169062168,44,C18,38,scleroderma PAH,autoimmune,28580,K36,negative,22361,2,82,1554.0,ST000763,15,67,plasma
296,,LC,6530 Q-TOF,296,IPO_aligned_ST000763_untar_pos_Healthy_Borderline Pressures,0.8988461199294533,0.014338936997237647,42,C18,74,scleroderma PAH,autoimmune,28673,K22,positive,21114,2,116,7800.0,ST000763,22,94,plasma
295,,LC,6530 Q-TOF,295,IPO_aligned_ST000763_untar_pos_Healthy_Normal Pressures,0.9166349206349208,0.022274207900990068,20,C18,74,scleroderma PAH,autoimmune,28673,K21,positive,54,2,94,6548.0,ST000763,18,76,plasma
294,,LC,6530 Q-TOF,294,IPO_aligned_ST000763_untar_pos_Healthy_PAH,0.8748718820861677,0.025937501765201643,38,C18,74,scleroderma PAH,autoimmune,28673,K20,positive,5322,2,112,10350.0,ST000763,21,91,plasma
293,,LC,6530 Q-TOF,293,AN001202_Borderline Pressures_LowRisk,0.7330812757201646,0.0366503542959773,44,C18,42,scleroderma PAH,autoimmune,133,K19,positive,16,2,86,6.0,ST000763,16,70,plasma
297,,LC,6530 Q-TOF,297,IPO_aligned_ST000763_untar_pos_Healthy_LowRisk,0.8596040564373898,0.03189627438891179,44,C18,74,scleroderma PAH,autoimmune,28673,K23,positive,1359,2,118,545.0,ST000763,22,96,plasma
314,,GC,Agilent 5975C MSD - single quad,314,AN001390all_author,0.6463078703703703,0.056954922487139924,40,Phenyl Arylene,44,Hepatocellular Carcinoma,cancer,56,L0,positive,29,2,84,0.0,ST000865,16,68,plasma
316,,GC,Agilent 5975C MSD - single quad,316,IPO_aligned_ST000865_batch3_raw,0.4710333333333333,0.05570860695519938,21,Phenyl Arylene,22,Hepatocellular Carcinoma,cancer,1886,L2,positive,351,2,43,0.0,ST000865,8,35,plasma
317,,GC,Agilent 5975C MSD - single quad,317,IPO_aligned_ST000865_onebatch,0.5812847222222222,0.05307976999179337,40,Phenyl Arylene,44,Hepatocellular Carcinoma,cancer,754,L3,positive,752,2,84,0.0,ST000865,16,68,plasma
315,,GC,Agilent 5975C MSD - single quad,315,IPO_aligned_ST000865_batch2_raw,0.5446944444444444,0.06042882380878833,19,Phenyl Arylene,22,Hepatocellular Carcinoma,cancer,1949,L1,positive,163,2,41,0.0,ST000865,7,34,plasma
318,,LC,Agilent 6250 - qTOF,318,AN001450,0.9900758451005562,0.0019653925979289714,202,C8,190,Lyme disease,infectious,95,M0,positive,40,2,392,87.0,ST000888,78,314,serum
319,,GC,Agilent 5973 - single quad,319,AN001503,0.7543703703703704,0.038193155758282235,29,5% phenyl silica,29,Breast cancer,cancer,77,N0,positive,49,2,58,13.0,ST000918,10,48,plasma
