,mz,M-H_meta,Cl_meta,none_meta,M-H_chebi,Cl_chebi,none_chebi,M-H_hmdb,Cl_hmdb,none_hmdb
0,442.01773,"['GDP, 1.527', '8-oxo-dGDP, 1.527']",[],[],"['GDP, 2.271', '8-oxo-dGDP, 2.271', '(R)-econazole nitrate, 9.042', '(S)-econazole nitrate, 9.042']","['Flazasulfuron, 6.564']","['2-thiophenecarboxylic acid [3-[[1-(3-chloro-4-fluorophenyl)-3,5-dioxo-4-pyrazolidinylidene]methyl]phenyl] ester, 2.873', '2-[5-[(2-bromo-4-ethoxy-5-methoxyphenyl)methylidene]-3-methyl-4-oxo-2-sulfanylidene-1-imidazolidinyl]acetic acid methyl ester, 5.136']","['Guanosine diphosphate, 1.527', '8-oxo-dGDP, 1.527']",[],[]
1,362.05084,"['cyclic pyranopterin monophosphate hydrate, 0.322', ""guanosine 3'-monophosphate, 0.322"", 'GMP, 0.322', '8-oxo-dGMP, 0.322', ""guanosine 2'-monophosphate, 0.322""]","['3-(methylsulfanyl)propyl-desulfoglucosinolate, 1.251']",[],"[""guanosine 5'-monophosphate, 0.320"", ""guanosine 3'-monophosphate, 0.320"", ""adenosine 5'-monophosphate 1-oxide, 0.320"", 'precursor Z hydrate, 0.320', '8-oxo-dGMP, 0.320', '2-hydroxy-AMP, 0.320', '2-oxo-AMP, 0.320', ""guanosine 2'-monophosphate, 0.320"", '1-(5-isoquinolinesulfonyl)-2-methylpiperazine dihydrochloride, 0.320', '3-(2-chlorophenyl)-N-[[[(5-methyl-1H-pyrazol-3-yl)-oxomethyl]hydrazo]-sulfanylidenemethyl]-2-propenamide, 5.828', '5-bromo-N-[2-(4-methyl-1-piperazinyl)phenyl]-2-furancarboxamide, 0.320', '5-bromo-N-[4-(4-methyl-1-piperazinyl)phenyl]-2-furancarboxamide, 0.320']","['fasudil hydrochloride, 1.339', 'Ranimustine, 4.776', '3-Methylthiopropyl-desulfoglucosinolate, 1.339', '6-[(2-fluorophenyl)methyl]-2,4-dimethyl-5-thieno[3,4]pyrrolo[1,3-d]pyridazinone, 7.833', '1-(4-fluorophenyl)-N-[5-(4-methoxyphenyl)-4H-1,3,4-thiadiazin-2-yl]methanimine, 7.833']","['NS 1619, 5.082', '4-[5-(3-chlorophenyl)-2-furanyl]-6-methyl-2-sulfanylidene-3,4-dihydro-1H-pyrimidine-5-carboxylic acid methyl ester, 5.082']","['Guanosine monophosphate, 0.322', '8-Oxo-dGMP, 0.322', 'Cyclic pyranopterin monophosphate, 0.322']",[],"['2-O-Galloylgalactaric acid, 6.392', '6-(6-carboxy-2,3,4-trihydroxyphenoxy)-3,4,5-trihydroxyoxane-2-carboxylic acid, 6.392', '6-(4-carboxy-2,3,6-trihydroxyphenoxy)-3,4,5-trihydroxyoxane-2-carboxylic acid, 6.392', '6-(3-carboxy-2,5,6-trihydroxyphenoxy)-3,4,5-trihydroxyoxane-2-carboxylic acid, 6.392', '6-(5-carboxy-2,3,4-trihydroxyphenoxy)-3,4,5-trihydroxyoxane-2-carboxylic acid, 6.392', '3,4,5-trihydroxy-6-(2,3,4,5-tetrahydroxybenzoyloxy)oxane-2-carboxylic acid, 6.392', '6-(3-carboxy-2,4,6-trihydroxyphenoxy)-3,4,5-trihydroxyoxane-2-carboxylic acid, 6.392', '6-(2-carboxy-3,4,5-trihydroxyphenoxy)-3,4,5-trihydroxyoxane-2-carboxylic acid, 6.392', '6-(2-carboxy-3,5,6-trihydroxyphenoxy)-3,4,5-trihydroxyoxane-2-carboxylic acid, 6.392', '6-(4-carboxy-2,3,5-trihydroxyphenoxy)-3,4,5-trihydroxyoxane-2-carboxylic acid, 6.392', '3,4,5-trihydroxy-6-(2,3,4,6-tetrahydroxybenzoyloxy)oxane-2-carboxylic acid, 6.392']"
2,323.02877,"[""uridine 3'-monophosphate, 0.554"", ""uridine 2'-monophosphate, 0.554"", ""arabinouracil 5'-monophosphate, 0.554"", ""pseudouridine 5'-phosphate, 0.554"", 'UMP, 0.554']",[],[],"[""uridine 5'-monophosphate, 0.142"", ""pseudouridine 5'-phosphate, 0.142"", ""uridine 2'-phosphate, 0.142"", ""3'-UMP, 0.142"", ""5,6-dihydrouridine 5'-monophosphate(2-), 0.142""]","['orotidine, 1.278', 'N-(2-furanylmethyl)-2-(2-oxo-1,3-benzothiazol-3-yl)acetamide, 8.221', '3-methyl-6-thiophen-2-yl-4-isoxazolo[5,4-b]pyridinecarboxylic acid ethyl ester, 8.221', '2-(4-methyl-1-oxo-[1]benzothiolo[2,3-d]pyridazin-2-yl)propanoic acid, 8.221', 'N-[(phenacylamino)-sulfanylidenemethyl]-2-furancarboxamide, 8.221', '4-(4-chlorophenyl)-1-(6-fluoro-2-pyridinyl)-3-pyrazolamine, 4.749', '7-(2-chloro-6-fluorophenyl)-5-methyl-6,7-dihydro-1H-1,4-diazepine-2,3-dicarbonitrile, 4.749']",[],"[""Uridine 5'-monophosphate, 0.554"", ""Pseudouridine 5'-phosphate, 0.554"", ""Uridine 2'-phosphate , 0.554"", ""3'-UMP, 0.554""]","['Orotidine, 0.009']",[]
3,482.96233,"['UTP, 2.229']",[],[],"['UTP, 1.252']","['MgADP(1-), 4.304']",[],"['Uridine triphosphate, 2.229']",[],[]
4,135.03028,"['D-threonate, 2.813', 'D-erythronate, 2.813', 'L-erythronate, 2.813', 'L-threonate, 2.813', '8-hydroxypurine, 7.018', 'hypoxanthine, 7.018', '2-hydroxypurine, 7.018', 'allopurinol, 7.018']",[],[],"['L-threonic acid, 4.087', 'D-erythronic acid, 4.087', 'L-erythronic acid, 4.087', 'D-threonic acid, 4.087', '2,3,4-trihydroxybutanoic acid, 4.087', '2,2,4-trihydroxybutanoic acid, 4.087']",[],"['D-threonate, 9.479', 'L-threonate, 9.479', 'D-erythronate, 9.479']","['Hypoxanthine, 7.018', 'Erythronic acid, 2.813', 'Threonic acid, 2.813', 'Allopurinol, 7.018', '1-Pentanesulfenothioic acid, 3.571', 'Ethyl propyl disulfide, 3.571', 'Ethyl isopropyl disulfide, 3.571', 'L-threonic Acid, 2.813']",[],[]
5,167.02141,"['5-nitrosalicylaldehyde, 5.932', '4-hydroxy-3-nitrobenzaldehyde, 5.932', 'urate, 2.059', 'biurate, 2.059', '2-nitrobenzoate, 5.932', '4-nitrobenzoate, 5.932', '3-nitrobenzoate, 5.932', '9H-purine-2,6,8-triol, 2.059', 'isourate, 2.059']",[],"['dipicolinate, 2.680', '2,4-pyridinedicarboxylate, 2.680', '2,5-pyridinedicarboxylate, 2.680', 'quinolinate, 2.680']","['7,9-dihydro-1H-purine-2,6,8(3H)-trione, 4.083', '2,6-dihydroxy-7,9-dihydro-8H-purin-8-one, 4.083', '9H-purine-2,6,8-triol, 4.083', '7H-purine-2,6,8-triol, 4.083', '1H-purine-2,6,8-triol, 4.083', '5,7-dihydro-1H-purine-2,6,8(9H)-trione, 4.083', '6-hydroxy-1H-purine-2,8(7H,9H)-dione, 4.083', 'N-(2-furoyl)glycinate, 7.820', '4-methyl-3-nitrocatechol(1-), 7.820']","['N-carbamoylsarcosine, 7.512', 'L-asparagine, 7.512', 'glycylglycine, 7.512', 'N-carbamoyl-beta-alanine, 7.512', 'D-asparagine, 7.512', 'L-aspartic 1-amide, 7.512', 'asparagine, 7.512', 'aspartic 1-amide, 7.512', 'D-aspartic 1-amide, 7.512', 'L-asparagine zwitterion, 7.512', 'D-asparagine zwitterion, 7.512', 'Methylazoxymethanol acetate, 7.512', 'N-Nitroso-N-methylurethane, 7.512', 'glycylglycine zwitterion, 7.512']","['quinolinic acid, 3.532', '(S)-2,3-dihydrodipicolinate(2-), 3.532', 'dipicolinic acid, 3.532', '2,3-dihydrodipicolinate(2-), 3.532', '2-nitrobenzoic acid, 3.532', 'lutidinic acid, 3.532', '2,6,8-trihydroxypurin-7-ide, 2.455', '6,8-dioxo-6,7,8,9-tetrahydro-1H-purin-2-olate, 2.455', '2,8-dihydroxy-1H-purin-6-olate, 2.455', '2,6-dioxo-2,3,6,7-tetrahydro-1H-purin-8-olate, 2.455', 'cinchomeronic acid, 3.532', 'isocinchomeronic acid, 3.532', 'dinicotinic acid, 3.532', '6-hydroxy-2,8-dioxo-2,7,8,9-tetrahydropurin-1-ide, 2.455', 'Urate radical, 2.455', '4-nitrobenzoic acid, 3.532']","['Uric acid, 2.059']",[],"['Quinolinic acid, 2.680', '2,6-Pyridinedicarboxylic acid, 2.680', 'Urate radical, 5.359']"
6,243.06228,"['pseudouridine, 0.081', 'uridine, 0.081']",[],[],"['uridine, 1.819', 'pseudouridine, 1.819', 'arauridine, 1.819']",[],[],"['Uridine, 0.081', 'Pseudouridine, 0.081']","['Ethyl beta-D-glucopyranoside, 8.699', 'Dambonitol, 8.699']",[]
7,151.02649,"['2-nitrobenzaldehyde, 6.591', '4-nitrobenzaldehyde, 6.591', '3-nitrobenzaldehyde, 6.591', 'xanthine, 2.240']",[],"['4-nitrosobenzoate, 3.000', '6-imino-5-oxocyclohexa-1,3-dienecarboxylate, 3.000']","['9H-xanthine, 5.038', 'alloxanthine, 5.038', '3-hydroxyanthranilate, 8.117', 'mesalaminate(1-), 8.117', '7H-xanthine, 5.038', '5-hydroxy-6-methylpyridine-3-carboxylate, 8.117', '3-amino-4-hydroxybenzoate, 8.117', '2,3-dihydro-3-oxoanthranilate, 8.117', '3-amino-5-hydroxybenzoate, 8.117', 'hypoxanthine 3-N-oxide, 5.038', '(5R)-carbapenem-3-carboxylate, 8.117', '4-aminosalicylate(1-), 8.117']",[],"['6-imino-5-oxocyclohexa-1,3-dienecarboxylic acid, 3.377', '4-nitrobenzaldehyde, 3.377', '2-nitrobenzaldehyde, 3.377']","['Xanthine, 2.240', 'Oxypurinol, 2.240', '6,8-Dihydroxypurine, 2.240']",[],[]
8,606.07557,"['UDP-<i>N</i>-acetyl-&alpha;-D-glucosamine, 2.103', 'UDP-<i>N</i>-acetyl-&alpha;-D-mannosamine, 2.103', 'UDP-<i>N</i>-acetyl-&alpha;-D-galactosamine, 2.103']",[],[],"['UDP-N-acetyl-alpha-D-glucosamine, 1.394', 'UDP-N-acetyl-D-mannosamine, 1.394', 'UDP-N-acetyl-D-galactosamine, 1.394', 'UDP-N-acetyl-alpha-D-galactosamine, 1.394', 'UDP-N-acetyl-alpha-D-mannosamine, 1.394']","['CMP-3-deoxy-D-glycero-beta-D-galacto-nonulosonate(2-), 2.045']","['mono(p-azobenzenearsonic acid)-L-tyrosylglycerophosphorylethanolamine, 7.540', 'cyclobutadithymidine(2-) residue, 0.709', '(5R)-5,6-dihydro-5-(thymidin-7-yl)thymidine dimer(2-) residue, 0.709', 'thymidine dimer(2-) residue, 0.709']","['Uridine diphosphate-N-acetylglucosamine, 2.103', 'Uridine diphosphate-N-acetylgalactosamine, 2.103', 'UDP-N-acetyl-D-mannosamine, 2.103', 'UDP-N-acetyl-alpha-D-galactosamine, 2.103', 'UDP-N-acetyl-alpha-D-glucosamine(2-), 2.103']","['4-O-alpha-L-Rhamnopyranosylglucosinalbin, 5.642']",[]
9,565.04867,"['UDP-&alpha;-D-galactofuranose, 1.635', 'UDP-&alpha;-D-glucose, 1.635', 'UDP-&alpha;-D-galactose, 1.635']",[],[],"['UDP-D-glucose, 1.671', 'UDP-D-galactofuranose, 1.671', 'UDP-D-galactose, 1.671', 'UDP-alpha-D-glucose, 1.671', 'UDP-D-mannose, 1.671', 'UDP-alpha-D-galactofuranose, 1.671', 'UDP-alpha-D-galactose, 1.671']",[],[],"['Uridine diphosphate glucose, 1.635', 'Uridine diphosphategalactose, 1.635', '[(2R,3S,4R,5R)-5-(2,4-dioxo-1,2,3,4-tetrahydropyrimidin-1-yl)-3,4-dihydroxyoxolan-2-yl]methyl {[(3R,4S,5S,6R)-3,4,5-trihydroxy-6-(hydroxymethyl)oxan-2-yl phosphonato]oxy}phosphonate, 1.635', 'UDP-D-galactose(2-), 1.635']",[],[]
10,579.02841,"['UDP-&beta;-L-iduronate, 2.415', 'UDP-&alpha;-D-galacturonate, 2.415', 'UDP-&alpha;-D-glucuronate, 2.415']",[],[],"['UDP-alpha-D-galacturonic acid, 2.907', 'UDP-alpha-D-glucuronic acid, 2.907', 'UDP-L-iduronic acid, 2.907', 'UDP-alpha-D-mannuronic acid, 2.907', 'UDP-beta-L-iduronic acid, 2.907']",[],"['Po-Pro-1, 7.616']","['Uridine diphosphate glucuronic acid, 2.415', 'UDP-D-galacturonate, 2.415', 'UDP-L-iduronate, 2.415']",[],[]
11,275.01735,"['D-mannonate 6-phosphate, 0.026', 'urolithin M5, 8.610', 'D-gluconate 6-phosphate, 0.026', '2-carboxy-D-arabinitol 1-phosphate, 0.026']",[],[],"['2-carboxy-D-arabinitol 1-phosphate, 1.355', '6-phospho-D-gluconic acid, 1.355', 'L-gulonic acid 6-phosphate, 1.355', ""N'-(3-chlorophenyl)-N-[(3-chlorophenyl)methylidene]methanimidamide, 9.514""]","['Levamisole hydrochloride, 4.382', 'Tetramisole hydrochloride, 4.382', 'sodium sulfide nonahydrate, 3.949', '2-[(2-methoxy-2-oxoethyl)thio]benzoic acid methyl ester, 8.115']","['6-phospho-D-gluconate, 1.273']","['6-Phosphogluconic acid, 0.026', '2-Carboxyarabinitol 5-phosphate, 0.026', '6-phosphonatooxy-D-gluconate, 0.028']",[],[]
12,264.95197,"['2,3-diphospho-D-glycerate, 0.088', '3-phospho-D-glyceroyl-phosphate, 0.088']",[],[],"['3-phospho-D-glyceroyl dihydrogen phosphate, 0.925', '2,3-bisphospho-D-glyceric acid, 0.925', '2,3-bisphosphoglyceric acid, 0.925', 'Glyceric acid 1,3-biphosphate, 0.925']",[],[],"['Glyceric acid 1,3-biphosphate, 0.088', '2,3-Diphosphoglyceric acid, 0.088', '3-phosphonato-D-glyceroyl Phosphate(4-), 0.088']",[],[]
13,259.02239,"['&alpha;-D-mannose 1-phosphate, 0.202', '&alpha;-D-glucopyranose 1-phosphate, 0.202', '&alpha;-D-galactose 1-phosphate, 0.202', '&beta;-L-galactose 1-phosphate, 0.202', '&beta;-L-gulose 1-phosphate, 0.202', 'urolithin M6, 9.314', 'urolithin D, 9.314', 'urolithin E, 9.314', '&beta;-D-fructose-2-phosphate, 0.202', '2-deoxy-6-phospho-D-gluconate, 0.202', '1,3,5,6-tetrahydroxyxanthone, 9.314', ""D-hamamelose 2'-phosphate, 0.202"", '1,3,6,7-tetrahydroxyxanthone, 9.314', 'D-hexose 6-phosphate, 0.202', '<i>keto</i>-L-sorbose 1-phosphate, 0.202', '<i>keto</i>-D-sorbose 1-phosphate, 0.202', 'L-tagatofuranose 6-phosphate, 0.202', 'hexulose 6-phosphate, 0.202', '1,3,5,8-tetrahydroxyxanthone, 9.314', '1D-<i>myo</i>-inositol 4-monophosphate, 0.202', '1D-<i>myo</i>-inositol 2-monophosphate, 0.202', '1D-<i>myo</i>-inositol 6-monophosphate, 0.202', '1D-<i>myo</i>-inositol 5-monophosphate, 0.202', '1D-<i>myo</i>-inositol 3-monophosphate, 0.202', '1D-<i>myo</i>-inositol 1-monophosphate, 0.202', '&beta;-D-fructofuranose 1-phosphate, 0.202', '&alpha;-D-galactose 6-phosphate, 0.202', '&alpha;-D-mannopyranose 6-phosphate, 0.202', '&beta;-D-glucose 6-phosphate, 0.202', '&alpha;-D-glucose 6-phosphate, 0.202', '<i>aldehydo</i>-D-glucose 6-phosphate, 0.202', '&alpha;-D-fructofuranose 6-phosphate, 0.202', 'D-tagatofuranose 6-phosphate, 0.202', '<i>aldehydo</i>-D-allose 6-phosphate, 0.202', 'D-allulose 6-phosphate, 0.202', '&beta;-D-fructofuranose 6-phosphate, 0.202', '&beta;-D-glucopyranose 1-phosphate, 0.202', '&beta;-D-mannopyranose 6-phosphate, 0.202', '&beta;-D-galactose 6-phosphate, 0.202', '<i>keto</i>-D-tagatose 6-phosphate, 0.202', '<i>keto</i>-L-tagatose 6-phosphate, 0.202', 'keto-D-fructose 1-phosphate, 0.202', '<i>aldehydo</i>-D-mannose 6-phosphate, 0.202', '<i>aldehydo</i>-D-galactose 6-phosphate, 0.202', '&alpha;-D-fructofuranose 1-phosphate, 0.202', '&beta;-D-fructopyranose 1-phosphate, 0.202', '&alpha;-D-fructopyranose 1-phosphate, 0.202', '&alpha;-L-sorbofuranose 1-phosphate, 0.202', '&beta;-L-sorbofuranose 1-phosphate, 0.202', '&alpha;-L-sorbopyranose 1-phosphate, 0.202', '&beta;-L-sorbopyranose 1-phosphate, 0.202']","['ketodeoxyheptonate, 1.024']",[],"['norathyriol, 8.976', 'keto-L-tagatose 6-phosphate, 1.284', 'keto-D-fructose 6-phosphate, 1.284', 'aldehydo-D-glucose 6-phosphate, 1.284', 'D-glucopyranose 1-phosphate, 1.284', 'beta-D-fructofuranose 6-phosphate, 1.284', 'beta-D-glucose 1-phosphate, 1.284', 'alpha-D-hexose 1-phosphate, 1.284', 'D-hamamelose 2(1)-(dihydrogen phosphate), 1.284', 'alpha-D-glucose 6-phosphate, 1.284', 'beta-D-glucose 6-phosphate, 1.284', 'aldehydo-D-galactose 6-phosphate, 1.284', 'D-allose 6-phosphate, 1.284', 'alpha-D-galactose 1-phosphate, 1.284', 'keto-D-fructose 1-phosphate, 1.284', '1D-myo-inositol 3-phosphate, 1.284', 'alpha-D-mannose 1-phosphate, 1.284', '1D-myo-inositol 1-phosphate, 1.284', '1D-myo-inositol 4-phosphate, 1.284', 'alpha-D-glucose 3-phosphate, 1.284', 'D-fructofuranose 2-phosphate, 1.284', 'D-arabino-hex-3-ulose 6-phosphate, 1.284', 'alpha-D-glucose 1-phosphate, 1.284', 'D-mannose 1-phosphate, 1.284', 'D-galactopyranose 1-phosphate, 1.284', '1D-myo-inositol 5-phosphate, 1.284', 'D-fructofuranose 1-phosphate, 1.284', 'D-fructopyranose 1-phosphate, 1.284', 'D-sorbose 1-phosphate, 1.284', 'beta-D-fructopyranose 1-phosphate, 1.284', 'alpha-D-mannose 6-phosphate, 1.284', 'beta-D-mannose 6-phosphate, 1.284', '(3S,4R)-Ketose 1-phosphate, 1.284', 'D-galactopyranose 6-phosphate, 1.284', 'D-glucopyranose 6-phosphate, 1.284', 'D-tagatofuranose 6-phosphate, 1.284', 'L-tagatofuranose 6-phosphate, 1.284', 'norswertianin, 8.976', 'beta-D-fructofuranose 2-phosphate, 1.284', 'D-glucopyranose 3-phosphate, 1.284', 'L-sorbose 1-phosphate, 1.284', 'beta-D-galactose 6-phosphate, 1.284', 'beta-D-tagatofuranose 6-phosphate, 1.284', 'alpha-D-galactose 6-phosphate, 1.284', 'alpha-D-tagatofuranose 6-phosphate, 1.284', 'keto-D-tagatose 6-phosphate, 1.284', 'aldehydo-D-mannose 6-phosphate, 1.284', 'D-mannopyranose 6-phosphate, 1.284', 'aldehydo-D-glucose 3-phosphate, 1.284', 'L-galactose 1-phosphate, 1.284', 'beta-L-galactose 1-phosphate, 1.284', 'galactitol 1-phosphate(2-), 1.284', 'D-glucitol 6-phosphate(2-), 1.284', 'alpha-L-galactose 1-phosphate, 1.284', 'D-mannitol 1-phosphate(2-), 1.284', 'D-fructofuranose 6-phosphate, 1.284', 'D-psicose 6-phosphate, 1.284', 'D-hexopyranose 6-phosphate, 1.284', '1D-myo-inositol 2-phosphate, 1.284', '1D-myo-inositol 6-phosphate, 1.284', 'bellidin, 8.976', 'L-Gulose 1-phosphate, 1.284', 'D-Allulose 6-phosphate, 1.284', 'Oxydeprofos, 5.130', 'D-tagatopyranose 1-phosphate, 1.284', 'beta-D-fructofuranose 1-phosphate, 1.284']","['Nifuradene, 8.980']","['6-phospho-beta-D-galactoside, 1.506', '5-(1-naphthalenylamino)-3H-1,3,4-thiadiazole-2-thione, 6.216', '6-phospho-alpha-D-mannoside, 1.506', '2,5-dimethoxy-4-bromophenethylamine, 5.366']","['Fructose 6-phosphate, 0.202', 'Myo-inositol 1-phosphate, 0.202', 'Galactose 1-phosphate, 0.202', 'Dolichyl phosphate D-mannose, 0.202', 'Fructose 1-phosphate, 0.202', 'Mannose 6-phosphate, 0.202', 'D-Myo-inositol 4-phosphate, 0.202', 'Glucose 6-phosphate, 0.202', 'Glucose 1-phosphate, 0.202', 'Inositol phosphate, 0.202', 'Beta-D-Glucose 6-phosphate, 0.202', 'Beta-D-Fructose 6-phosphate, 0.202', 'D-Tagatose 1-phosphate, 0.202', 'D-Mannose 1-phosphate, 0.202', 'Sorbose 1-phosphate, 0.202', 'Beta-D-Fructose 2-phosphate, 0.202', '1D-myo-Inositol 3-phosphate, 0.202', 'D-Tagatose 6-phosphate, 0.202', 'Urolithin D, 9.314', 'D-fructose 1-phosphate, 0.202']",[],[]
14,259.02242,"['&alpha;-D-mannose 1-phosphate, 0.087', '&alpha;-D-glucopyranose 1-phosphate, 0.087', '&alpha;-D-galactose 1-phosphate, 0.087', '&beta;-L-galactose 1-phosphate, 0.087', '&beta;-L-gulose 1-phosphate, 0.087', 'urolithin M6, 9.199', 'urolithin D, 9.199', 'urolithin E, 9.199', '&beta;-D-fructose-2-phosphate, 0.087', '2-deoxy-6-phospho-D-gluconate, 0.087', '1,3,5,6-tetrahydroxyxanthone, 9.199', ""D-hamamelose 2'-phosphate, 0.087"", '1,3,6,7-tetrahydroxyxanthone, 9.199', 'D-hexose 6-phosphate, 0.087', '<i>keto</i>-L-sorbose 1-phosphate, 0.087', '<i>keto</i>-D-sorbose 1-phosphate, 0.087', 'L-tagatofuranose 6-phosphate, 0.087', 'hexulose 6-phosphate, 0.087', '1,3,5,8-tetrahydroxyxanthone, 9.199', '1D-<i>myo</i>-inositol 4-monophosphate, 0.087', '1D-<i>myo</i>-inositol 2-monophosphate, 0.087', '1D-<i>myo</i>-inositol 6-monophosphate, 0.087', '1D-<i>myo</i>-inositol 5-monophosphate, 0.087', '1D-<i>myo</i>-inositol 3-monophosphate, 0.087', '1D-<i>myo</i>-inositol 1-monophosphate, 0.087', '&beta;-D-fructofuranose 1-phosphate, 0.087', '&alpha;-D-galactose 6-phosphate, 0.087', '&alpha;-D-mannopyranose 6-phosphate, 0.087', '&beta;-D-glucose 6-phosphate, 0.087', '&alpha;-D-glucose 6-phosphate, 0.087', '<i>aldehydo</i>-D-glucose 6-phosphate, 0.087', '&alpha;-D-fructofuranose 6-phosphate, 0.087', 'D-tagatofuranose 6-phosphate, 0.087', '<i>aldehydo</i>-D-allose 6-phosphate, 0.087', 'D-allulose 6-phosphate, 0.087', '&beta;-D-fructofuranose 6-phosphate, 0.087', '&beta;-D-glucopyranose 1-phosphate, 0.087', '&beta;-D-mannopyranose 6-phosphate, 0.087', '&beta;-D-galactose 6-phosphate, 0.087', '<i>keto</i>-D-tagatose 6-phosphate, 0.087', '<i>keto</i>-L-tagatose 6-phosphate, 0.087', 'keto-D-fructose 1-phosphate, 0.087', '<i>aldehydo</i>-D-mannose 6-phosphate, 0.087', '<i>aldehydo</i>-D-galactose 6-phosphate, 0.087', '&alpha;-D-fructofuranose 1-phosphate, 0.087', '&beta;-D-fructopyranose 1-phosphate, 0.087', '&alpha;-D-fructopyranose 1-phosphate, 0.087', '&alpha;-L-sorbofuranose 1-phosphate, 0.087', '&beta;-L-sorbofuranose 1-phosphate, 0.087', '&alpha;-L-sorbopyranose 1-phosphate, 0.087', '&beta;-L-sorbopyranose 1-phosphate, 0.087']","['ketodeoxyheptonate, 0.890']",[],"['norathyriol, 8.860', 'keto-L-tagatose 6-phosphate, 1.169', 'keto-D-fructose 6-phosphate, 1.169', 'aldehydo-D-glucose 6-phosphate, 1.169', 'D-glucopyranose 1-phosphate, 1.169', 'beta-D-fructofuranose 6-phosphate, 1.169', 'beta-D-glucose 1-phosphate, 1.169', 'alpha-D-hexose 1-phosphate, 1.169', 'D-hamamelose 2(1)-(dihydrogen phosphate), 1.169', 'alpha-D-glucose 6-phosphate, 1.169', 'beta-D-glucose 6-phosphate, 1.169', 'aldehydo-D-galactose 6-phosphate, 1.169', 'D-allose 6-phosphate, 1.169', 'alpha-D-galactose 1-phosphate, 1.169', 'keto-D-fructose 1-phosphate, 1.169', '1D-myo-inositol 3-phosphate, 1.169', 'alpha-D-mannose 1-phosphate, 1.169', '1D-myo-inositol 1-phosphate, 1.169', '1D-myo-inositol 4-phosphate, 1.169', 'alpha-D-glucose 3-phosphate, 1.169', 'D-fructofuranose 2-phosphate, 1.169', 'D-arabino-hex-3-ulose 6-phosphate, 1.169', 'alpha-D-glucose 1-phosphate, 1.169', 'D-mannose 1-phosphate, 1.169', 'D-galactopyranose 1-phosphate, 1.169', '1D-myo-inositol 5-phosphate, 1.169', 'D-fructofuranose 1-phosphate, 1.169', 'D-fructopyranose 1-phosphate, 1.169', 'D-sorbose 1-phosphate, 1.169', 'beta-D-fructopyranose 1-phosphate, 1.169', 'alpha-D-mannose 6-phosphate, 1.169', 'beta-D-mannose 6-phosphate, 1.169', '(3S,4R)-Ketose 1-phosphate, 1.169', 'D-galactopyranose 6-phosphate, 1.169', 'D-glucopyranose 6-phosphate, 1.169', 'D-tagatofuranose 6-phosphate, 1.169', 'L-tagatofuranose 6-phosphate, 1.169', 'norswertianin, 8.860', 'beta-D-fructofuranose 2-phosphate, 1.169', 'D-glucopyranose 3-phosphate, 1.169', 'L-sorbose 1-phosphate, 1.169', 'beta-D-galactose 6-phosphate, 1.169', 'beta-D-tagatofuranose 6-phosphate, 1.169', 'alpha-D-galactose 6-phosphate, 1.169', 'alpha-D-tagatofuranose 6-phosphate, 1.169', 'keto-D-tagatose 6-phosphate, 1.169', 'aldehydo-D-mannose 6-phosphate, 1.169', 'D-mannopyranose 6-phosphate, 1.169', 'aldehydo-D-glucose 3-phosphate, 1.169', 'L-galactose 1-phosphate, 1.169', 'beta-L-galactose 1-phosphate, 1.169', 'galactitol 1-phosphate(2-), 1.169', 'D-glucitol 6-phosphate(2-), 1.169', 'alpha-L-galactose 1-phosphate, 1.169', 'D-mannitol 1-phosphate(2-), 1.169', 'D-fructofuranose 6-phosphate, 1.169', 'D-psicose 6-phosphate, 1.169', 'D-hexopyranose 6-phosphate, 1.169', '1D-myo-inositol 2-phosphate, 1.169', '1D-myo-inositol 6-phosphate, 1.169', 'bellidin, 8.860', 'L-Gulose 1-phosphate, 1.169', 'D-Allulose 6-phosphate, 1.169', 'Oxydeprofos, 5.015', 'D-tagatopyranose 1-phosphate, 1.169', 'beta-D-fructofuranose 1-phosphate, 1.169']","['Nifuradene, 8.846']","['6-phospho-beta-D-galactoside, 1.621', 'O(4)-phosphonato-L-tyrosine(2-), 9.960', 'O(4)-phosphonato-D-tyrosine(2-), 9.960', 'O(4)-phosphonatotyrosine(2-), 9.960', '5-(1-naphthalenylamino)-3H-1,3,4-thiadiazole-2-thione, 6.100', '6-phospho-alpha-D-mannoside, 1.621', '2,5-dimethoxy-4-bromophenethylamine, 5.482']","['Fructose 6-phosphate, 0.087', 'Myo-inositol 1-phosphate, 0.087', 'Galactose 1-phosphate, 0.087', 'Dolichyl phosphate D-mannose, 0.087', 'Fructose 1-phosphate, 0.087', 'Mannose 6-phosphate, 0.087', 'D-Myo-inositol 4-phosphate, 0.087', 'Glucose 6-phosphate, 0.087', 'Glucose 1-phosphate, 0.087', 'Inositol phosphate, 0.087', 'Beta-D-Glucose 6-phosphate, 0.087', 'Beta-D-Fructose 6-phosphate, 0.087', 'D-Tagatose 1-phosphate, 0.087', 'D-Mannose 1-phosphate, 0.087', 'Sorbose 1-phosphate, 0.087', 'Beta-D-Fructose 2-phosphate, 0.087', '1D-myo-Inositol 3-phosphate, 0.087', 'D-Tagatose 6-phosphate, 0.087', 'Urolithin D, 9.199', 'D-fructose 1-phosphate, 0.087']",[],[]
15,168.99107,"['glycerone phosphate, 1.891', 'L-glyceraldehyde 3-phosphate, 1.891', 'D-glyceraldehyde 3-phosphate, 1.891', '(R)-phospholactate, 1.891', '(2<i>S</i>)-2-phospholactate, 1.891']","['2-dehydro-L-erythronate, 1.080', '2-dehydro-D-erythronate, 1.080', '3-dehydro-L-erythronate, 1.080', '(<i>S</i>)-malate, 1.080', '(R)-malate, 1.080', '3-dehydro-D-erythronate, 1.080', 'L-<i>threo</i>-tetruronate, 1.080']",[],"['dihydroxyacetone phosphate, 2.035', 'glyceraldehyde 3-phosphate, 2.035', 'D-glyceraldehyde 3-phosphate, 2.035', '2-phospho-L-lactic acid, 2.035', 'L-glyceraldehyde 3-phosphate, 2.035', 'sn-glycerol 3-phosphate(2-), 2.035', 'sn-glycerol 1-phosphate(2-), 2.035', 'glycerol 2-phosphate(2-), 2.035', 'glycerol 1-phosphodiester(1-), 2.035', 'sn-glycerophosphodiester(1-), 2.035', 'lysophosphatidic acid, 2.035', 'lysophosphatidic acid 20:0, 2.035', 'lysophosphatidic acid 22:6, 2.035', 'PA(22:6/0:0), 2.035', 'glycerol 1-phosphate(2-), 2.035', '2-phospholactic acid, 2.035']","['(R)-2,4-dihydroxy-3-oxobutanoic acid, 2.477', '(S)-malic acid, 2.477', 'malic acid, 2.477', '(S)-3,4-dihydroxy-2-oxobutanoic acid, 2.477', '(R)-3,4-dihydroxy-2-oxobutanoic acid, 2.477', '(S)-2,4-dihydroxy-3-oxobutanoic acid, 2.477']","['1-alkylglycerone 3-phosphate, 6.332', '1-alkyl-sn-glycerol 3-phosphate(2-), 6.332', '1-organyl-2-lyso-sn-glycero-3-phospholipid(1-), 6.332', '1-alkylglycerol 3-phosphate(2-), 6.332']","['D-Glyceraldehyde 3-phosphate, 1.891', 'Dihydroxyacetone phosphate, 1.891']","['L-Malic acid, 1.080', 'Malic acid, 1.080', 'D-Malic acid, 1.080', 'Velcorin, 1.080', '3,3-Dimethyl-1,2-dithiolane, 5.400', 'Tetrahydro-2-methyl-2-thiophenethiol, 5.400', 'Tetrahydro-2-methyl-3-thiophenethiol, 5.400']",[]
16,171.00666,"['<i>sn</i>-glycerol 3-phosphate, 1.520', 'glycerol 2-phosphate, 1.520', '<i>sn</i>-glycerol 1-phosphate, 1.520']","['D-threonate, 0.622', 'D-erythronate, 0.622', 'L-erythronate, 0.622', 'L-threonate, 0.622', '8-hydroxypurine, 9.209', 'hypoxanthine, 9.209', '2-hydroxypurine, 9.209', 'allopurinol, 9.209']",[],"['sn-glycerol 3-phosphate, 0.372', 'sn-glycerol 1-phosphate, 0.372', 'glycerol 2-phosphate, 0.372', 'glycerol 1-phosphate, 0.372']","['L-threonic acid, 1.897', 'D-erythronic acid, 1.897', 'L-erythronic acid, 1.897', 'D-threonic acid, 1.897', '2,3,4-trihydroxybutanoic acid, 1.897', '2,2,4-trihydroxybutanoic acid, 1.897']","['1-alkyl-sn-glycerol 3-phosphate, 3.860', 'glycerol 1-phosphodiester, 3.860']","['Glycerol 3-phosphate, 1.520', 'Beta-Glycerophosphoric acid, 1.520']","['Hypoxanthine, 9.209', 'Erythronic acid, 0.622', 'Threonic acid, 0.622', 'Allopurinol, 9.209', '1-Pentanesulfenothioic acid, 5.761', 'Ethyl propyl disulfide, 5.761', 'Ethyl isopropyl disulfide, 5.761', 'L-threonic Acid, 0.622']",[]
17,229.01188,"['D-arabinofuranose 5-phosphate, 0.009', 'D-xylose 5-phosphate, 0.009', '&beta;-L-arabinose 1-phosphate, 0.009', '3,4,4-trihydroxy-5-phosphooxypentan-2-one, 0.009', 'alpha-L-arabinose 1-phosphate, 0.009', '&alpha;-D-ribose 5-phosphate, 0.009', '&alpha;-D-ribose-1-phosphate, 0.009', 'D-ribulose 1-phosphate, 0.009', 'L-xylulose 1-phosphate, 0.009', '&alpha;-D-xylose 1-phosphate, 0.009', 'L-ribulose 5-phosphate, 0.009', 'D-ribulose 5-phosphate, 0.009', '<i>aldehydo</i>-D-arabinose 5-phosphate, 0.009', 'D-xylulose 5-phosphate, 0.009', 'L-xylulose 5-phosphate, 0.009', '<i>aldehydo</i>-D-ribose 5-phosphate, 0.009', '&beta;-D-ribose 5-phosphate, 0.009']","['<i>aldehydo</i>-L-iduronate, 0.900', '&alpha;-L-iduronate, 0.900', 'D-tagaturonate, 0.900', '2-keto-D-gluconate, 0.900', '5-dehydro-D-gluconate, 0.900', '&alpha;-D-glucuronate, 0.900', '&alpha;-D-mannuronate, 0.900', '7-carboxy-7-deazaguanine, 7.792', '2-keto-L-gulonate, 0.900', '&alpha;-D-galacturonate, 0.900', '&beta;-D-galacturonate, 0.900', '&alpha;-D-fructuronate, 0.900', '&beta;-D-fructuronate, 0.900', '&beta;-D-glucuronate, 0.900', '4-deoxy-D-glucarate, 0.900', '3-keto-L-gulonate, 0.900', '5-dehydro-L-gluconate, 0.900', '&alpha;-L-guluronate, 0.900', '&beta;-D-mannuronate, 0.900', '<i>aldehydo</i>-D-glucuronate, 0.900', '<i>aldehydo</i>-D-galacturonate, 0.900']",[],"['beta-L-arabinose 1-phosphate, 0.678', 'alpha-D-xylose 1-phosphate, 0.678', 'aldehydo-D-arabinose 5-phosphate, 0.678', 'alpha-D-ribose 1-phosphate, 0.678', 'D-xylulose 5-phosphate, 0.678', 'L-xylulose 5-phosphate, 0.678', 'D-ribulose 5-phosphate, 0.678', 'L-ribulose 5-phosphate, 0.678', 'aldehydo-D-ribose 5-phosphate, 0.678', 'alpha-D-ribofuranose 5-phosphate, 0.678', 'alpha-L-arabinose 1-phosphate, 0.678', 'L-xylulose 1-phosphate, 0.678', 'L-arabinose 1-phosphate, 0.678', 'D-ribose 1-phosphate, 0.678', 'D-xylose 5-phosphate, 0.678', 'demeton-S-methyl, 3.669', 'beta-D-arabinofuranose 5-phosphate, 0.678', '5-O-phosphono-beta-D-ribofuranose, 0.678', 'D-ribofuranose 5-phosphate, 0.678', 'D-ribitol 5-phosphate(2-), 0.678', 'D-arabinitol 1-phosphate(2-), 0.678', 'D-ribulose 1-phosphate, 0.678', 'Endothal-disodium, 9.373', 'D-arabinofuranose 5-phosphate, 0.678', 'D-ribitol 1-phosphate(2-), 0.678', 'xylitol 5-phosphate(2-), 0.678']","['3-dehydro-L-gulonic acid, 2.690', 'alpha-D-mannopyranuronic acid, 2.690', '5-dehydro-D-gluconic acid, 2.690', '2-dehydro-D-gluconic acid, 2.690', 'L-guluronic acid, 2.690', 'aldehydo-L-iduronic acid, 2.690', 'beta-D-glucuronic acid, 2.690', 'alpha-D-galacturonic acid, 2.690', 'alpha-D-glucuronic acid, 2.690', 'D-fructofuranuronic acid, 2.690', 'D-galactopyranuronic acid, 2.690', '2-dehydro-L-idonic acid, 2.690', 'D-tagaturonic acid, 2.690', 'alpha-L-iduronic acid, 2.690', 'alpha-L-glucopyranuronic acid, 2.690', 'L-idopyranuronic acid, 2.690', 'alpha-D-fructuronic acid, 2.690', 'beta-D-fructuronic acid, 2.690', 'keto-D-fructuronic acid, 2.690', 'D-glucopyranuronic acid, 2.690', 'aldehydo-D-glucuronic acid, 2.690', 'beta-D-galacturonic acid, 2.690', 'aldehydo-D-galacturonic acid, 2.690', '7-carboxy-7-deazaguanine, 7.844', 'D-mannopyranuronic acid, 2.690', 'L-glucopyranuronic acid, 2.690', 'Bisthiosemi, 7.617', '3-dehydro-D-gluconic acid, 2.690', '2-dehydro-L-gluconic acid, 2.690', '2-Keto-L-gluconate, 2.690', '5-dehydro-L-gluconic acid, 2.690']","['3-Bromo-N-methyltyramine, 8.209']","['D-Ribulose 5-phosphate, 0.009', 'Xylulose 5-phosphate, 0.009', 'Ribose 1-phosphate, 0.009', 'D-Ribose 5-phosphate, 0.009', 'D-Xylulose 1-phosphate, 0.009', 'D-Arabinose 5-phosphate, 0.009', 'Beta-L-arabinose 1-phosphate, 0.009']","['D-Glucuronic acid, 0.900', 'Galacturonic acid, 0.900', 'Iduronic acid, 0.900', 'Pectic acid, 0.900', 'Pectin, 0.900', '3-Dehydro-L-gulonate, 0.900', '5-Keto-D-gluconate, 0.900', '2-Keto-L-gluconate, 0.900', '6-(Hydroxymethyl)-2,4(1H,3H)-pteridinedione, 7.792', 'L-Altruronic acid, 0.900', 'Aldehydo-L-iduronate, 0.900', '3,4,5,6-tetrahydroxyoxane-2-carboxylic acid, 0.900']",[]
18,184.98588999999998,"['pyrrothine, 5.440', '2-phospho-D-glycerate, 1.220', '3-phospho-D-glycerate, 1.220']","['<i>meso</i>-tartrate, 0.334', 'D-tartrate, 0.334', 'L-tartrate, 0.334']",[],"['3-phosphoglyceric acid, 0.893', '3-phospho-D-glyceric acid, 0.893', '2-phospho-D-glyceric acid, 0.893', '2-phosphoglyceric acid, 0.893', '2-bromo-1-ethylpyridin-1-ium, 6.269']","['L-tartaric acid, 3.253', 'D-tartaric acid, 3.253', 'meso-tartaric acid, 3.253', '2,3-dihydroxybutanedioic acid, 3.253']",[],"['2-Phosphoglyceric acid, 1.220', '3-Phosphoglyceric acid, 1.220', '2-Phospho-D-glyceric acid, 1.220', '8-Chloroxanthine, 6.920', '(2R)-2-Hydroxy-3-(phosphonatooxy)propanoate, 1.220', 'Diethyldithiophosphate, 3.449', '2-phosphonato-D-glycerate(3-), 1.220']","['D-Tartaric acid, 0.334', '2-Methyl-2-(methyldithio)propanal, 5.455', '2,3-Dihydroxybutanedioic acid, 0.334', '3-carboxy-2,3-dihydroxypropanoate, 0.334']",[]
19,184.98588999999998,"['pyrrothine, 5.440', '2-phospho-D-glycerate, 1.220', '3-phospho-D-glycerate, 1.220']","['<i>meso</i>-tartrate, 0.334', 'D-tartrate, 0.334', 'L-tartrate, 0.334']",[],"['3-phosphoglyceric acid, 0.893', '3-phospho-D-glyceric acid, 0.893', '2-phospho-D-glyceric acid, 0.893', '2-phosphoglyceric acid, 0.893', '2-bromo-1-ethylpyridin-1-ium, 6.269']","['L-tartaric acid, 3.253', 'D-tartaric acid, 3.253', 'meso-tartaric acid, 3.253', '2,3-dihydroxybutanedioic acid, 3.253']",[],"['2-Phosphoglyceric acid, 1.220', '3-Phosphoglyceric acid, 1.220', '2-Phospho-D-glyceric acid, 1.220', '8-Chloroxanthine, 6.920', '(2R)-2-Hydroxy-3-(phosphonatooxy)propanoate, 1.220', 'Diethyldithiophosphate, 3.449', '2-phosphonato-D-glycerate(3-), 1.220']","['D-Tartaric acid, 0.334', '2-Methyl-2-(methyldithio)propanal, 5.455', '2,3-Dihydroxybutanedioic acid, 0.334', '3-carboxy-2,3-dihydroxypropanoate, 0.334']",[]
20,289.033,"['&alpha;-D-sedoheptulopyranose 7-phosphate, 0.025', 'D-<i>glycero</i>-&alpha;-D-<i>manno</i>-heptose 1-phosphate, 0.025', 'D-<i>glycero</i>-&beta;-D-<i>manno</i>-heptose 1-phosphate, 0.025', 'D-<i>glycero</i>-&beta;-D-<i>manno</i>-heptose 7-phosphate, 0.025', 'D-<i>glycero</i>-&alpha;-D-<i>manno</i>-heptose 7-phosphate, 0.025']","['D-glycero-&alpha;-D-talo-oct-2-ulopyranosonate, 0.724']",[],"['sedoheptulose 7-phosphate, 0.952', 'D-glycero-D-manno-heptose 1-phosphate, 0.952', 'D-glycero-D-manno-heptose 7-phosphate, 0.952', 'sedoheptulose 1-phosphate, 0.952', 'D-glycero-alpha-D-manno-heptose 7-phosphate, 0.952', 'D-glycero-beta-D-manno-heptose 7-phosphate, 0.952', '2-(3-chlorophenyl)-3,4-dimethyl-6H-pyrazolo[3,4-d]pyridazine-7-thione, 4.399', 'alpha-D-sedoheptulopyranose 7-phosphate, 0.952']","['alpha-D-Ko, 1.582', 'N,4-bis(3-pyridinyl)-2-thiazolamine, 2.354']",[],"['D-Sedoheptulose 7-phosphate, 0.025', 'Sedoheptulose 1-phosphate, 0.025', 'Sedoheptulose 7-phosphate(2-), 0.025']",[],[]
21,163.06153999999998,"['2-deoxy-&alpha;-D-glucose, 2.088', '2-deoxy-D-galactose, 2.088', '1,5-anhydro-D-mannitol, 2.088', '1-O-methyl-&beta;-D-xylopyranose, 2.088', '3-deoxy-D-glucose, 2.088', '1,5-anhydro-D-glucitol, 2.088', '6-deoxy-D-sorbose, 2.088', '&beta;-L-rhamnopyranose, 2.088', 'L-dihydrostreptose, 2.088', '1-O-methyl-&beta;-L-arabinopyranose, 2.088', '&alpha;-D-quinovose, 2.088', '&alpha;-D-fucose, 2.088', '&alpha;-D-rhamnose, 2.088', '6-deoxy-D-glucose, 2.088', '&beta;-D-fucose, 2.088', '&beta;-L-fucopyranose, 2.088', '&alpha;-L-fucopyranose, 2.088', 'D-rhamnulose, 2.088', 'L-fuculose, 2.088', '&alpha;-L-rhamnopyranose, 2.088', '<i>aldehydo</i>-L-rhamnose, 2.088', '<i>aldehydo</i>-D-rhamnose, 2.088', '6-deoxy-D-talose, 2.088', '6-deoxy-L-talose, 2.088', '6-deoxy-&beta;-L-talose, 2.088', '6-deoxy-&alpha;-D-talose, 2.088', '<i>aldehydo</i>-D-fucose, 2.088', '<i>aldehydo</i>-L-fucose, 2.088', '6-deoxy-&alpha;-D-allose, 2.088', '&alpha;-L-rhamnofuranose, 2.088', '&beta;-L-rhamnofuranose, 2.088', '<i>keto</i>-L-rhamnulose, 2.088']",[],[],"['aldehydo-L-rhamnose, 4.974', '1,5-anhydro-D-glucitol, 4.974', 'L-rhamnofuranose, 4.974', 'L-fuculose, 4.974', 'L-rhamnulose, 4.974', '(+)-quercitol, 4.974', '2-deoxy-D-galactose, 4.974', 'beta-D-fucose, 4.974', 'beta-L-rhamnopyranose, 4.974', 'alpha-L-rhamnopyranose, 4.974', 'aldehydo-D-rhamnose, 4.974', 'D-quinovose, 4.974', '(-)-viburnitol, 4.974', 'beta-L-fucose, 4.974', 'alpha-D-quinovopyranose, 4.974', '2-deoxy-D-glucopyranose, 4.974', 'D-fucopyranose, 4.974', 'L-fucopyranose, 4.974', 'alpha-L-fucose, 4.974', 'alpha-D-fucose, 4.974', 'methyl alpha-D-arabinoside, 4.974', 'aldehydo-D-fucose, 4.974', 'aldehydo-L-fucose, 4.974', '1,5-anhydro-D-mannitol, 4.974', 'methyl L-xylopyranoside, 4.974', 'L-rhamnopyranose, 4.974', 'D-rhamnopyranose, 4.974', 'alpha-D-rhamnose, 4.974', 'methyl beta-D-xylopyranoside, 4.974', 'alpha-D-rhamnofuranose, 4.974', 'alpha-L-rhamnofuranose, 4.974', 'beta-L-rhamnofuranose, 4.974', 'beta-D-rhamnofuranose, 4.974', 'D-rhamnofuranose, 4.974', '2-deoxy-D-galactopyranose, 4.974', '(2S,4R,5S,6R)-6-(hydroxymethyl)oxane-2,4,5-triol, 4.974', '(4S,5R)-1,4,5,6-tetrahydroxyhexan-2-one, 4.974']",[],"['beta-D-galactosyl group, 3.312', 'beta-L-rhamnoside, 3.312', 'alpha-D-fucoside, 3.312', 'alpha-L-rhamnoside, 3.312', '3-hydroxy-3-methyloxindole, 8.954', 'alpha-L-fucoside, 3.312', 'beta-D-fucoside, 3.312', '2-deoxy-alpha-D-glucoside, 3.312', 'L-tyrosine residue, 8.954', 'alpha-D-mannosyl group, 3.312', 'Galactose oligosaccharide, 3.312', 'beta-D-mannosyl group, 3.312', 'D-glucosyl group, 3.312', 'D-tyrosine residue, 8.954', 'alpha-D-glucosyl group, 3.312', 'beta-D-glucosyl group, 3.312', 'L-tyrosinyl radical cation residue, 8.954', 'D-tyrosinyl radical cation residue, 8.954', 'tyrosine residue, 8.954', 'tyrosinyl radical cation residue, 8.954', 'beta-D-galactofuranosyl group, 3.312', 'alpha-D-galactosyl group, 3.312', '4-oxo-4-(pyridin-3-yl)butanal, 8.954', 'alpha-D-rhamnofuranoside, 3.312', 'beta-L-fucoside, 3.312', 'alpha-D-rhamnoside, 3.312', 'alpha-L-rhamnofuranoside, 3.312', 'beta-L-rhamnofuranoside, 3.312', 'beta-D-rhamnofuranoside, 3.312', '3-(3-aminophenyl)-2-propenoic acid, 8.954', '3-acetylbenzamide, 8.954', '3-hydroxy-L-phenylalanine residue, 8.954']","['L-Fucose, 2.088', 'Rhamnose, 2.088', '1,5-Anhydrosorbitol, 2.088', 'Beta-D-Fucose, 2.088', '3-Deoxyfructose, 2.088', 'L-Rhamnulose, 2.088', '2-Deoxygalactopyranose, 2.088', 'D-Fucose, 2.088', 'Butyl isopropyl disulfide, 3.205', 'Butyl propyl disulfide, 3.205', '2-O-Methyl-D-xylose, 2.088', '1-(Methylthio)-1-hexanethiol, 3.205', 'Alpha-L-fucose, 2.088', 'beta-L-fucose, 2.088', 'L-Fuculose, 2.088', '2-Deoxyglucose, 2.088', 'L-Fucose-1P, 2.088', '6-methyloxane-2,3,4,5-tetrol, 2.088']",[],[]
22,195.05133999999998,"['D-gluconate, 1.598', '3,7-dimethylurate, 5.224', '1,3-dimethylurate, 5.224', '1,7-dimethylurate, 5.224', 'D-gulonate, 1.598', '2-carboxy-D-arabinitol, 1.598', 'D-mannonate, 1.598', 'L-mannonate, 1.598', 'L-gluconate, 1.598', 'D-idonate, 1.598', 'L-idonate, 1.598', 'D-galactonate, 1.598', 'D-altronate, 1.598', '<i>aldehydo</i>-L-galactonate, 1.598', 'L-gulonate, 1.598']",[],"['2-(hydroxylamino)benzoylacetate, 9.319', '6-hydroxy-3-succinoyl-pyridine, 9.319', '3-acetylamino-4-hydroxybenzoate, 9.319', 'leucodopachrome, 9.319', 'HMBOA, 9.319', '(2Z)-2-amino-3-hydroxy-3-(4-hydroxyphenyl)prop-2-enoate, 9.319', '&beta;-oxo-L-tyrosine, 9.319']","['L-gulonic acid, 3.142', 'D-galactonic acid, 3.142', '2-carboxy-D-arabinitol, 3.142', 'D-mannonic acid, 3.142', 'D-gluconic acid, 3.142', 'L-idonic acid, 3.142', 'L-galactonic acid, 3.142', 'D-altronic acid, 3.142', '1,3-dimethyluric acid, 7.059', '1,7-dimethyluric acid, 7.059', '3,7-dimethyluric acid, 7.059', '3-(trimethylsilyl)propane-1-sulfonic acid, 1.959', 'L-gluconic acid, 3.142', 'D-gulonic acid, 3.142']",[],"['L-dopaquinone, 8.511', 'D-altronate, 6.870', 'D-mannonate, 6.870', 'L-idonate, 6.870', 'D-gluconate, 6.870', '1,2-epoxy-3-(4-nitrophenoxy)propane, 8.511', 'salicyluric acid, 8.511', 'D-galactonate, 6.870', 'L-gulonate, 6.870', 'L-galactonate, 6.870', 'L-dopaquinone zwitterion, 8.511', '2-carboxylato-D-arabinitol(1-), 6.870', 'leucodopachrome, 8.511', '4-acetamidosalicylic acid, 8.511', '4-(6-hydroxypyridin-3-yl)-4-oxobutyric acid, 8.511', 'alpha-hydroxyhippuric acid, 8.511', 'm-hydroxyhippuric acid, 8.511', 'p-hydroxyhippuric acid, 8.511', 'N-acetyl-5-aminosalicylic acid, 8.511', '3-(p-nitrophenyl)propanoic acid, 8.511', '4-hydroxyphenylpyruvic acid oxime, 8.511', 'salamidacetic acid, 8.511', '3-acetamido-4-hydroxybenzoic acid, 8.511', ""3',4',5'-trihydroxy-L-phenylalanine residue, 8.511""]","['Galactonic acid, 1.598', 'Gluconic acid, 1.598', '1,3-Dimethyluric acid, 5.224', '3,7-Dimethyluric acid, 5.224', '1,9-Dimethyluric acid, 5.224', 'Gulonic acid, 1.598', '7,9-Dimethyluric acid, 5.224', '1,7-Dimethyluric acid, 5.224', '3,9-Dimethyluric acid, 5.224']",[],"['Salicyluric acid, 9.319', 'Dopaquinone, 9.319', '4-Carboxyphenylglycine, 9.319', 'Alpha-Hydroxyhippuric acid, 9.319', 'Leucodopachrome, 9.319', '3-Hydroxyhippuric acid, 9.319', '4-Hydroxyhippuric acid, 9.319', '2-Hydroxy-6,7-dimethoxybenzoxazole, 9.319', '2-Hydroxy-7-methoxy-2H-1,4-benzoxazin-3(4H)-one, 9.319', 'L-Dopaquinone, 9.319', 'N-acetyl-5-aminosalicylic acid, 9.319']"
23,179.05639,"['&beta;-L-idopyranose, 1.543', '&beta;-D-galactofuranose, 1.543', '&alpha;-D-galactofuranose, 1.543', 'D-hamamelose, 1.543', 'theophylline, 5.884', 'D-fuconate, 1.543', '&alpha;-D-mannopyranose, 1.543', 'L-rhamnonate, 1.543', '2-deoxygluconate, 1.543', '&beta;-D-mannopyranose, 1.543', 'L-glucose, 1.543', '&beta;-L-mannose, 1.543', '&alpha;-L-mannose, 1.543', 'theobromine, 5.884', 'paraxanthine, 5.884', 'L-fuconate, 1.543', '&beta;-L-fructofuranose, 1.543', '&alpha;-L-fructofuranose, 1.543', '&alpha;-L-galactose, 1.543', '&beta;-L-fructopyranose, 1.543', '&alpha;-L-fructopyranose, 1.543', '&beta;-D-fructopyranose, 1.543', '&alpha;-D-fructopyranose, 1.543', '&alpha;-D-talose, 1.543', 'L-<i>xylo</i>-3-hexulose, 1.543', '&beta;-L-galactose, 1.543', '<i>scyllo</i>-inositol, 1.543', '1D-<i>chiro</i>-inositol, 1.543', '<i>aldehydo</i>-D-mannose, 1.543', '<i>aldehydo</i>-D-glucose, 1.543', '<i>keto</i>-D-tagatose, 1.543', '<i>keto</i>-D-psicose, 1.543', '<i>keto</i>-D-sorbose, 1.543', '&alpha;-D-fructofuranose, 1.543', '<i>keto</i>-D-fructose, 1.543', '<i>aldehydo</i>-L-mannose, 1.543', '&beta;-D-fructofuranose, 1.543', '&alpha;-D-galactose, 1.543', '&beta;-D-galactose, 1.543', '<I>myo</I>-inositol, 1.543', '<i>aldehydo</i>-D-galactose, 1.543', '<i>keto</i>-L-sorbose, 1.543', '<i>aldehydo</i>-D-gulose, 1.543', '&alpha;-D-gulose, 1.543', '&beta;-D-gulose, 1.543', '&alpha;-L-gulose, 1.543', '&beta;-L-gulose, 1.543', '<i>aldehydo</i>-L-gulose, 1.543', '&alpha;-D-allopyranose, 1.543', '&beta;-D-allopyranose, 1.543', '<i>aldehydo</i>-D-allose, 1.543', '<i>aldehydo</i>-D-idose, 1.543', '&beta;-D-idopyranose, 1.543', '&alpha;-D-idopyranose, 1.543', '&beta;-D-talose, 1.543', '<i>aldehydo</i>-D-talose, 1.543', '&beta;-D-altrose, 1.543', '&alpha;-D-altrose, 1.543', '<i>aldehydo</i>-D-altrose, 1.543', '<i>keto</i>-L-tagatose, 1.543', '&beta;-D-glucopyranose, 1.543', '&alpha;-D-glucopyranose, 1.543', '&alpha;-L-sorbopyranose, 1.543', '&beta;-L-sorbopyranose, 1.543', '&alpha;-L-sorbofuranose, 1.543', '&beta;-L-sorbofuranose, 1.543', '1L-<i>chiro</i>-inositol, 1.543', '<i>cis</i>-inositol, 1.543', '<i>epi</i>-inositol, 1.543', '<i>allo</i>-inositol, 1.543', '<i>muco</i>-inositol, 1.543', '<i>neo</i>-inositol, 1.543', '&alpha;-D-allofuranose, 1.543', '&beta;-D-allofuranose, 1.543']",[],[],"['scyllo-inositol, 3.699', 'beta-D-glucose, 3.699', '2-deoxy-D-gluconic acid, 3.699', 'D-fuconic acid, 3.699', 'aldehydo-D-galactose, 3.699', 'myo-inositol, 3.699', 'L-fuconic acid, 3.699', 'L-rhamnonic acid, 3.699', 'alpha-D-glucose, 3.699', 'D-hamamelose, 3.699', '1,7-dimethylxanthine, 7.408', '1D-chiro-inositol, 3.699', '1L-chiro-inositol, 3.699', 'D-psicose, 3.699', 'beta-D-galactose, 3.699', 'muco-inositol, 3.699', 'D-idose, 3.699', 'alpha-D-galactose, 3.699', 'theophylline, 7.408', 'D-altrose, 3.699', 'beta-D-mannose, 3.699', 'beta-D-fructofuranose, 3.699', 'alpha-D-mannose, 3.699', 'theobromine, 7.408', 'beta-D-hamamelose, 3.699', 'beta-D-allose, 3.699', 'aldehydo-D-allose, 3.699', 'beta-D-fructopyranose, 3.699', 'aldehydo-D-glucose, 3.699', 'alpha-L-galactose, 3.699', 'alpha-L-gulose, 3.699', 'beta-L-fructofuranose, 3.699', 'keto-D-fructose, 3.699', 'L-sorbopyranose, 3.699', 'beta-D-allofuranose, 3.699', 'D-allopyranose, 3.699', 'D-galactopyranose, 3.699', 'D-glucopyranose, 3.699', 'D-gulopyranose, 3.699', 'D-mannopyranose, 3.699', 'D-tagatopyranose, 3.699', 'alpha-L-sorbopyranose, 3.699', 'keto-D-sorbose, 3.699', 'keto-L-sorbose, 3.699', 'allo-inositol, 3.699', 'cis-inositol, 3.699', 'epi-inositol, 3.699', 'inositol, 3.699', 'neo-inositol, 3.699', 'aldehydo-L-galactose, 3.699', 'L-galactopyranose, 3.699', 'beta-L-galactose, 3.699', 'aldehydo-L-glucose, 3.699', 'L-glucopyranose, 3.699', 'alpha-L-glucose, 3.699', 'beta-L-glucose, 3.699', 'aldehydo-D-mannose, 3.699', 'L-mannopyranose, 3.699', 'beta-L-mannose, 3.699', 'alpha-L-mannose, 3.699', 'aldehydo-L-mannose, 3.699', 'alpha-D-allose, 3.699', 'alpha-D-gulose, 3.699', 'beta-D-gulose, 3.699', 'aldehydo-D-gulose, 3.699', 'aldehydo-L-gulose, 3.699', 'L-gulopyranose, 3.699', 'beta-L-gulose, 3.699', 'D-fructopyranose, 3.699', 'L-fructopyranose, 3.699', 'alpha-D-fructopyranose, 3.699', 'alpha-D-fructofuranose, 3.699', 'D-fructofuranose, 3.699', 'keto-L-fructose, 3.699', 'L-fructofuranose, 3.699', 'alpha-L-fructofuranose, 3.699', 'alpha-L-fructopyranose, 3.699', 'beta-L-fructopyranose, 3.699', 'beta-L-allose, 3.699', 'L-allopyranose, 3.699', 'alpha-L-allose, 3.699', 'aldehydo-L-allose, 3.699', 'keto-D-tagatose, 3.699', 'beta-L-sorbopyranose, 3.699', 'L-sorbofuranose, 3.699', 'alpha-L-sorbofuranose, 3.699', 'beta-L-sorbofuranose, 3.699', 'D-sorbofuranose, 3.699', 'alpha-D-sorbofuranose, 3.699', 'beta-D-sorbofuranose, 3.699', 'D-sorbopyranose, 3.699', 'alpha-D-sorbopyranose, 3.699', 'beta-D-sorbopyranose, 3.699', 'D-tagatofuranose, 3.699', 'beta-D-tagatofuranose, 3.699', 'alpha-D-tagatofuranose, 3.699', 'alpha-D-tagatopyranose, 3.699', 'beta-D-tagatopyranose, 3.699', 'D-allofuranose, 3.699', 'alpha-D-allofuranose, 3.699', 'L-allofuranose, 3.699', 'alpha-L-allofuranose, 3.699', 'beta-L-allofuranose, 3.699', 'beta-D-galactofuranose, 3.699', 'alpha-L-idopyranose, 3.699', 'beta-L-altrose, 3.699', 'aldehydo-D-talose, 3.699', 'D-talopyranose, 3.699', 'beta-L-idopyranose, 3.699', '1,4-beta-D-Mannooligosaccharide, 3.699', 'beta-D-talopyranose, 3.699', 'aldehydo-L-talose, 3.699', 'L-talopyranose, 3.699', 'alpha-D-glucose-1,2-((13)C2), 3.699', 'L-xylo-3-hexulose, 3.699', 'keto-L-tagatose, 3.699', 'D-glucose-(13)C6, 3.699', 'alpha-D-talopyranose, 3.699']",[],"['5,6-dihydroquinoline-2,5,6-triol, 8.991', 'N-benzoylglycine, 8.991', 'alpha-D-mannoside, 2.178', 'beta-D-galactoside, 2.178', 'D-fuconate, 2.178', 'N-acetylanthranilic acid, 8.991', 'Glycoside of aldohexose, 2.178', 'L-fuconate, 2.178', 'beta-D-glucopyranosyloxy group, 2.178', 'L-tyrosinate(2-), 8.991', 'D-tyrosinate(2-), 8.991', 'tyrosinate(2-), 8.991', '4-acetamidobenzoic acid, 8.991', 'alpha-D-galactoside, 2.178', '2-deoxy-D-gluconate, 2.178', 'L-rhamnonate, 2.178', '4-oxo-4-(pyridin-3-yl)butanoic acid, 8.991', 'pyranoside, 2.178', 'beta-L-galactoside, 2.178', 'alpha-L-galactoside, 2.178', 'phenylpyruvic acid oxime, 8.991', '2-aminobenzoylacetic acid, 8.991', 'salacetamide, 8.991', 'oligoglycosyl-(1->4)-beta-D-glucose, 2.178', ""3',4'-dihydroxy-L-phenylalanine residue, 8.991""]","['D-Glucose, 1.543', 'D-Galactose, 1.543', 'D-Mannose, 1.543', 'myo-Inositol, 1.543', '3-Deoxyarabinohexonic acid, 1.543', 'Beta-D-Glucose, 1.543', 'D-Fructose, 1.543', 'Allose, 1.543', 'L-Sorbose, 1.543', 'Paraxanthine, 5.884', 'Theophylline, 5.884', 'Theobromine, 5.884', 'Alpha-D-Glucose, 1.543', 'D-Tagatose, 1.543', 'Beta-D-Galactose, 1.543', 'scyllo-Inositol, 1.543', 'L-Gulose, 1.543', 'Dihydroxyacetone (dimer), 1.543', 'L-Galactose, 1.543', 'Levoinositol, 1.543', 'Alpha-D-Glucopyranoside, 1.543', 'muco-Inositol, 1.543', 'D-Glucopyranoside, 1.543', 'Glycoprotein-phospho-D-mannose, 1.543', 'Fructose-1P, 1.543', '2,5-bis(hydroxymethyl)oxolane-2,3,4-triol, 1.543', 'epi-Inositol, 1.543', 'neo-inositol , 1.543', 'D-chiro-inositol, 1.543', 'cis-inositol, 1.543', 'allo-inositol, 1.543']",[],[]
24,179.05635,"['&beta;-L-idopyranose, 1.321', '&beta;-D-galactofuranose, 1.321', '&alpha;-D-galactofuranose, 1.321', 'D-hamamelose, 1.321', 'theophylline, 6.106', 'D-fuconate, 1.321', '&alpha;-D-mannopyranose, 1.321', 'L-rhamnonate, 1.321', '2-deoxygluconate, 1.321', '&beta;-D-mannopyranose, 1.321', 'L-glucose, 1.321', '&beta;-L-mannose, 1.321', '&alpha;-L-mannose, 1.321', 'theobromine, 6.106', 'paraxanthine, 6.106', 'L-fuconate, 1.321', '&beta;-L-fructofuranose, 1.321', '&alpha;-L-fructofuranose, 1.321', '&alpha;-L-galactose, 1.321', '&beta;-L-fructopyranose, 1.321', '&alpha;-L-fructopyranose, 1.321', '&beta;-D-fructopyranose, 1.321', '&alpha;-D-fructopyranose, 1.321', '&alpha;-D-talose, 1.321', 'L-<i>xylo</i>-3-hexulose, 1.321', '&beta;-L-galactose, 1.321', '<i>scyllo</i>-inositol, 1.321', '1D-<i>chiro</i>-inositol, 1.321', '<i>aldehydo</i>-D-mannose, 1.321', '<i>aldehydo</i>-D-glucose, 1.321', '<i>keto</i>-D-tagatose, 1.321', '<i>keto</i>-D-psicose, 1.321', '<i>keto</i>-D-sorbose, 1.321', '&alpha;-D-fructofuranose, 1.321', '<i>keto</i>-D-fructose, 1.321', '<i>aldehydo</i>-L-mannose, 1.321', '&beta;-D-fructofuranose, 1.321', '&alpha;-D-galactose, 1.321', '&beta;-D-galactose, 1.321', '<I>myo</I>-inositol, 1.321', '<i>aldehydo</i>-D-galactose, 1.321', '<i>keto</i>-L-sorbose, 1.321', '<i>aldehydo</i>-D-gulose, 1.321', '&alpha;-D-gulose, 1.321', '&beta;-D-gulose, 1.321', '&alpha;-L-gulose, 1.321', '&beta;-L-gulose, 1.321', '<i>aldehydo</i>-L-gulose, 1.321', '&alpha;-D-allopyranose, 1.321', '&beta;-D-allopyranose, 1.321', '<i>aldehydo</i>-D-allose, 1.321', '<i>aldehydo</i>-D-idose, 1.321', '&beta;-D-idopyranose, 1.321', '&alpha;-D-idopyranose, 1.321', '&beta;-D-talose, 1.321', '<i>aldehydo</i>-D-talose, 1.321', '&beta;-D-altrose, 1.321', '&alpha;-D-altrose, 1.321', '<i>aldehydo</i>-D-altrose, 1.321', '<i>keto</i>-L-tagatose, 1.321', '&beta;-D-glucopyranose, 1.321', '&alpha;-D-glucopyranose, 1.321', '&alpha;-L-sorbopyranose, 1.321', '&beta;-L-sorbopyranose, 1.321', '&alpha;-L-sorbofuranose, 1.321', '&beta;-L-sorbofuranose, 1.321', '1L-<i>chiro</i>-inositol, 1.321', '<i>cis</i>-inositol, 1.321', '<i>epi</i>-inositol, 1.321', '<i>allo</i>-inositol, 1.321', '<i>muco</i>-inositol, 1.321', '<i>neo</i>-inositol, 1.321', '&alpha;-D-allofuranose, 1.321', '&beta;-D-allofuranose, 1.321']",[],[],"['scyllo-inositol, 3.477', 'beta-D-glucose, 3.477', '2-deoxy-D-gluconic acid, 3.477', 'D-fuconic acid, 3.477', 'aldehydo-D-galactose, 3.477', 'myo-inositol, 3.477', 'L-fuconic acid, 3.477', 'L-rhamnonic acid, 3.477', 'alpha-D-glucose, 3.477', 'D-hamamelose, 3.477', '1,7-dimethylxanthine, 7.631', '1D-chiro-inositol, 3.477', '1L-chiro-inositol, 3.477', 'D-psicose, 3.477', 'beta-D-galactose, 3.477', 'muco-inositol, 3.477', 'D-idose, 3.477', 'alpha-D-galactose, 3.477', 'theophylline, 7.631', 'D-altrose, 3.477', 'beta-D-mannose, 3.477', 'beta-D-fructofuranose, 3.477', 'alpha-D-mannose, 3.477', 'theobromine, 7.631', 'beta-D-hamamelose, 3.477', 'beta-D-allose, 3.477', 'aldehydo-D-allose, 3.477', 'beta-D-fructopyranose, 3.477', 'aldehydo-D-glucose, 3.477', 'alpha-L-galactose, 3.477', 'alpha-L-gulose, 3.477', 'beta-L-fructofuranose, 3.477', 'keto-D-fructose, 3.477', 'L-sorbopyranose, 3.477', 'beta-D-allofuranose, 3.477', 'D-allopyranose, 3.477', 'D-galactopyranose, 3.477', 'D-glucopyranose, 3.477', 'D-gulopyranose, 3.477', 'D-mannopyranose, 3.477', 'D-tagatopyranose, 3.477', 'alpha-L-sorbopyranose, 3.477', 'keto-D-sorbose, 3.477', 'keto-L-sorbose, 3.477', 'allo-inositol, 3.477', 'cis-inositol, 3.477', 'epi-inositol, 3.477', 'inositol, 3.477', 'neo-inositol, 3.477', 'aldehydo-L-galactose, 3.477', 'L-galactopyranose, 3.477', 'beta-L-galactose, 3.477', 'aldehydo-L-glucose, 3.477', 'L-glucopyranose, 3.477', 'alpha-L-glucose, 3.477', 'beta-L-glucose, 3.477', 'aldehydo-D-mannose, 3.477', 'L-mannopyranose, 3.477', 'beta-L-mannose, 3.477', 'alpha-L-mannose, 3.477', 'aldehydo-L-mannose, 3.477', 'alpha-D-allose, 3.477', 'alpha-D-gulose, 3.477', 'beta-D-gulose, 3.477', 'aldehydo-D-gulose, 3.477', 'aldehydo-L-gulose, 3.477', 'L-gulopyranose, 3.477', 'beta-L-gulose, 3.477', 'D-fructopyranose, 3.477', 'L-fructopyranose, 3.477', 'alpha-D-fructopyranose, 3.477', 'alpha-D-fructofuranose, 3.477', 'D-fructofuranose, 3.477', 'keto-L-fructose, 3.477', 'L-fructofuranose, 3.477', 'alpha-L-fructofuranose, 3.477', 'alpha-L-fructopyranose, 3.477', 'beta-L-fructopyranose, 3.477', 'beta-L-allose, 3.477', 'L-allopyranose, 3.477', 'alpha-L-allose, 3.477', 'aldehydo-L-allose, 3.477', 'keto-D-tagatose, 3.477', 'beta-L-sorbopyranose, 3.477', 'L-sorbofuranose, 3.477', 'alpha-L-sorbofuranose, 3.477', 'beta-L-sorbofuranose, 3.477', 'D-sorbofuranose, 3.477', 'alpha-D-sorbofuranose, 3.477', 'beta-D-sorbofuranose, 3.477', 'D-sorbopyranose, 3.477', 'alpha-D-sorbopyranose, 3.477', 'beta-D-sorbopyranose, 3.477', 'D-tagatofuranose, 3.477', 'beta-D-tagatofuranose, 3.477', 'alpha-D-tagatofuranose, 3.477', 'alpha-D-tagatopyranose, 3.477', 'beta-D-tagatopyranose, 3.477', 'D-allofuranose, 3.477', 'alpha-D-allofuranose, 3.477', 'L-allofuranose, 3.477', 'alpha-L-allofuranose, 3.477', 'beta-L-allofuranose, 3.477', 'beta-D-galactofuranose, 3.477', 'alpha-L-idopyranose, 3.477', 'beta-L-altrose, 3.477', 'aldehydo-D-talose, 3.477', 'D-talopyranose, 3.477', 'beta-L-idopyranose, 3.477', '1,4-beta-D-Mannooligosaccharide, 3.477', 'beta-D-talopyranose, 3.477', 'aldehydo-L-talose, 3.477', 'L-talopyranose, 3.477', 'alpha-D-glucose-1,2-((13)C2), 3.477', 'L-xylo-3-hexulose, 3.477', 'keto-L-tagatose, 3.477', 'D-glucose-(13)C6, 3.477', 'alpha-D-talopyranose, 3.477']",[],"['5,6-dihydroquinoline-2,5,6-triol, 9.215', 'N-benzoylglycine, 9.215', 'alpha-D-mannoside, 1.955', 'beta-D-galactoside, 1.955', 'D-fuconate, 1.955', 'N-acetylanthranilic acid, 9.215', 'Glycoside of aldohexose, 1.955', 'L-fuconate, 1.955', 'beta-D-glucopyranosyloxy group, 1.955', 'L-tyrosinate(2-), 9.215', 'D-tyrosinate(2-), 9.215', 'tyrosinate(2-), 9.215', '4-acetamidobenzoic acid, 9.215', 'alpha-D-galactoside, 1.955', '2-deoxy-D-gluconate, 1.955', 'L-rhamnonate, 1.955', '4-oxo-4-(pyridin-3-yl)butanoic acid, 9.215', 'pyranoside, 1.955', 'beta-L-galactoside, 1.955', 'alpha-L-galactoside, 1.955', 'phenylpyruvic acid oxime, 9.215', '2-aminobenzoylacetic acid, 9.215', 'salacetamide, 9.215', 'oligoglycosyl-(1->4)-beta-D-glucose, 1.955', ""3',4'-dihydroxy-L-phenylalanine residue, 9.215""]","['D-Glucose, 1.321', 'D-Galactose, 1.321', 'D-Mannose, 1.321', 'myo-Inositol, 1.321', '3-Deoxyarabinohexonic acid, 1.321', 'Beta-D-Glucose, 1.321', 'D-Fructose, 1.321', 'Allose, 1.321', 'L-Sorbose, 1.321', 'Paraxanthine, 6.106', 'Theophylline, 6.106', 'Theobromine, 6.106', 'Alpha-D-Glucose, 1.321', 'D-Tagatose, 1.321', 'Beta-D-Galactose, 1.321', 'scyllo-Inositol, 1.321', 'L-Gulose, 1.321', 'Dihydroxyacetone (dimer), 1.321', 'L-Galactose, 1.321', 'Levoinositol, 1.321', 'Alpha-D-Glucopyranoside, 1.321', 'muco-Inositol, 1.321', 'D-Glucopyranoside, 1.321', 'Glycoprotein-phospho-D-mannose, 1.321', 'Fructose-1P, 1.321', '2,5-bis(hydroxymethyl)oxolane-2,3,4-triol, 1.321', 'epi-Inositol, 1.321', 'neo-inositol , 1.321', 'D-chiro-inositol, 1.321', 'cis-inositol, 1.321', 'allo-inositol, 1.321']",[],[]
25,145.01466000000002,"['acetonedicarboxylate, 2.826', '2-oxoglutarate, 2.826', '(2Z)-2-hydroxypent-2-enedioate, 2.826', '5-hydroxy-2,4-dioxopentanoate, 2.826', 'methyloxaloacetate, 2.826', 'oxaloacetate 4-methyl ester, 2.826', 'dehydro-D-arabinono-1,4-lactone, 2.826']",[],"['2-chloro-4,6-diamino-1,3,5-triazine, 5.950']","['(R)-2-hydroxyglutarate(2-), 0.438', '(S)-2-hydroxyglutarate(2-), 0.438', 'oxaloacetic acid 4-methyl ester, 0.438', 'dehydro-D-arabinono-1,4-lactone, 0.438', '1,2-diacyl-sn-glycerol, 0.438', 'diglyceride, 0.438', '5-hydroxy-2,4-dioxopentanoic acid, 0.438', '2-oxoglutaric acid, 0.438', 'D-citramalate(2-), 0.438', 'L-citramalate(2-), 0.438', '1,3-diglyceride, 0.438', '1,2-diglyceride, 0.438', 'diallyl disulfide, 0.438', '(S)-2-methyl-3-oxosuccinic acid, 0.438', '2-hydroxyglutarate(2-), 0.438', 'citramalate(2-), 0.438', '2-methyl-3-oxosuccinic acid, 0.438', '(R)-2-methyl-3-oxosuccinic acid, 0.438', 'D-erythro-3-methylmalate(2-), 0.438', '2,3-diacyl-sn-glycerol, 0.438', 'rac-1,2-diglyceride, 0.438', '1,3-diacyl-sn-glycerol, 0.438', '3-methylmalate(2-), 0.438', '3-Oxoglutaric acid, 0.438', 'diacylglycerol(22:6n3/0:0/22:6n3), 0.438']",[],"['6-chloro-1,3,5-triazine-2,4-diamine, 9.240', '2-oxoglutarate(1-), 4.551', 'oxaloacetate 4-methyl ester, 4.551', 'dehydro-D-arabinono-1,4-lactone(1-), 4.551', '1-alkyl-2,3-diacyl-sn-glycerol, 4.551', '5-hydroxy-2,4-dioxopentanoate, 4.551', '1-dihexosyl-2,3-diacylglycerol, 4.551']","['Oxoglutaric acid, 2.826', '3-Oxoglutaric acid, 2.826', 'Di-2-propenyl disulfide, 9CI, 3.121', '(E,E)-Di-1-propenyl disulfide, 3.121', '(E)-1-Propenyl 2-propenyl disulfide, 3.121']",[],[]
26,391.28564,"['isodeoxycholate, 0.653', 'chenodeoxycholate, 0.653', 'isochenodeoxycholate, 0.653', 'deoxycholate, 0.653', 'hyodeoxycholate, 0.653', '6-&beta;-hydroxylithocholate, 0.653', 'ursodeoxycholate, 0.653']",[],[],"['chenodeoxycholic acid, 0.214', 'deoxycholic acid, 0.214', 'isoursodeoxycholic acid, 0.214', '3beta,7alpha-dihydroxy-5beta-cholan-24-oic acid, 0.214', 'ursodeoxycholic acid, 0.214', 'hyodeoxycholic acid, 0.214', 'murideoxycholic acid, 0.214', '3beta,6beta-dihydroxy-5beta-cholan-24-oic acid, 0.214', '12-Epideoxycholic acid, 0.214', 'isodeoxycholic acid, 0.214', 'Allochenodeoxycholate, 0.214', 'allodeoxycholic acid, 0.214', '4-hydroxy-6-(2-oxononadecyl)pyran-2-one, 0.214', '3beta,12alpha-dihydroxy-5beta-cholan-24-oic acid, 0.214', '(4R)-4-[(3R,5S,7R,8S,9R,10S,13R,14S,17R)-3,7-dihydroxy-10,13-dimethyl-2,3,4,5,6,7,8,9,11,12,14,15,16,17-tetradecahydro-1H-cyclopenta[a]phenanthren-17-yl]pentanoic acid, 0.214', '(4R)-4-[(3R,5S,7S,8S,9R,10S,13R,14S,17S)-3,7-dihydroxy-10,13-dimethyl-2,3,4,5,6,7,8,9,11,12,14,15,16,17-tetradecahydro-1H-cyclopenta[a]phenanthren-17-yl]pentanoic acid, 0.214', '4-[(3R,5R,8R,9S,10S,12S,13R,14S,17R)-3,12-dihydroxy-10,13-dimethyl-2,3,4,5,6,7,8,9,11,12,14,15,16,17-tetradecahydro-1H-cyclopenta[a]phenanthren-17-yl]pentanoic acid, 0.214', '6alpha,20xi-murideoxycholic acid, 0.214']","['conessine, 7.751', 'C20 dihydroceramide, 0.668', 'LSM-6454, 7.751']","['chenodeoxycholate, 1.636', 'cholyl group, 1.636', 'deoxycholate, 1.636', 'hyodeoxycholate, 1.636', 'murideoxycholate, 1.636', 'isoursodeoxycholate, 1.636', 'ursodeoxycholate, 1.636', '3beta,7alpha-dihydroxy-5beta-cholan-24-oate, 1.636', '3beta,12alpha-dihydroxy-5beta-cholan-24-oate, 1.636', 'allodeoxycholate, 1.636']","['3b,12a-Dihydroxy-5a-cholanoic acid, 0.653', '3b,7a-Dihydroxy-5b-cholanoic acid, 0.653', '3a,7a-Dihydroxycholanoic acid, 0.653', '3a,12b-Dihydroxy-5b-cholanoic acid, 0.653', '3b,12a-Dihydroxy-5b-cholanoic acid, 0.653', 'Allodeoxycholic acid, 0.653', 'Allochenodeoxycholic acid, 0.653', 'Chenodeoxycholic acid, 0.653', 'Deoxycholic acid, 0.653', 'Isohyodeoxycholic acid, 0.653', 'Isoursodeoxycholic acid, 0.653', 'Hyodeoxycholic acid, 0.653', 'Murocholic acid, 0.653', 'Ursodeoxycholic acid, 0.653', '7b,12a-Dihydroxycholanoic acid, 0.653', '7a,12b-dihydroxy-5b-Cholan-24-oic acid, 0.653', 'Isodeoxycholic acid, 0.653', '3b,12b-Dihydroxy-5b-cholanoic acid, 0.653']",[],[]
27,448.30755999999997,"['glycochenodeoxycholate, 1.586', 'glycodeoxycholate, 1.586']",[],[],"['glycodeoxycholic acid, 1.861', 'glycochenodeoxycholic acid, 1.861', 'glycoursodeoxycholic acid, 1.861', '2-[[4-(3,12-dihydroxy-10,13-dimethyl-2,3,4,5,6,7,8,9,11,12,14,15,16,17-tetradecahydro-1H-cyclopenta[a]phenanthren-17-yl)-1-oxopentyl]amino]acetic acid, 1.861']","['cholesteryl ester, 9.295', '(13Z,16Z,19Z,22Z,25Z)-octacosapentaenoate, 9.295', '(10Z,13Z,16Z,19Z,22Z)-octacosapentaenoate, 9.295', 'octacosapentaenoate, 9.295']","['glycochenodeoxycholate, 3.480', 'glycodeoxycholate, 3.480', '1-[(4S,7R,8R)-8-methoxy-4,7,10-trimethyl-11-oxo-5-propyl-2-oxa-5,10-diazabicyclo[10.4.0]hexadeca-1(12),13,15-trien-14-yl]-3-propylurea, 5.710', '1-[(4S,7S,8S)-8-methoxy-4,7,10-trimethyl-11-oxo-5-propyl-2-oxa-5,10-diazabicyclo[10.4.0]hexadeca-1(12),13,15-trien-14-yl]-3-propylurea, 5.710', '1-[(4R,7S,8R)-8-methoxy-4,7,10-trimethyl-11-oxo-5-propyl-2-oxa-5,10-diazabicyclo[10.4.0]hexadeca-1(12),13,15-trien-14-yl]-3-propylurea, 5.710', '1-[(4S,7R,8S)-8-methoxy-4,7,10-trimethyl-11-oxo-5-propyl-2-oxa-5,10-diazabicyclo[10.4.0]hexadeca-1(12),13,15-trien-14-yl]-3-propylurea, 5.710', '1-[(4R,7S,8S)-8-methoxy-4,7,10-trimethyl-11-oxo-5-propyl-2-oxa-5,10-diazabicyclo[10.4.0]hexadeca-1(12),13,15-trien-14-yl]-3-propylurea, 5.710', '1-[(4R,7R,8R)-8-methoxy-4,7,10-trimethyl-11-oxo-5-propyl-2-oxa-5,10-diazabicyclo[10.4.0]hexadeca-1(12),13,15-trien-14-yl]-3-propylurea, 5.710', '4-(2-aminoethyl)-2-[2-(dimethylamino)ethoxy]phenol 5-(2-aminoethyl)-2-[2-(dimethylamino)ethoxy]phenol, 5.710', 'glycoursodeoxycholate, 3.480']","['Deoxycholic acid glycine conjugate, 1.586', 'Chenodeoxycholic acid glycine conjugate, 1.586', 'Glycoursodeoxycholic acid, 1.586', 'Chenodeoxyglycocholic acid, 1.586']",[],[]
28,173.00939,"['<i>trans</i>-aconitate, 1.311', '<i>cis</i>-aconitate, 1.311', 'L-dehydro-ascorbate, 1.311', 'phenylmethanesulfonyl fluoride, 9.124']","['1-mononitroglycerol, 1.879', '2-mononitroglycerol, 1.879']",[],"['dehydroascorbic acid, 3.827', 'L-dehydroascorbic acid, 3.827', 'cis-aconitic acid, 3.827', 'trans-aconitic acid, 3.827', 'monodehydro-L-ascorbate(1-), 3.827', 'phenylmethanesulfonyl fluoride, 9.574', 'aconitic acid, 3.827', '2-hydroxy-3-oxoadipate(2-), 3.827', '4-hydroxy-4-methyl-2-oxoglutarate(2-), 3.827']",[],"['triglyceride, 2.254', 'dehydroascorbide(1-), 2.254', 'L-dehydroascorbate, 2.254', 'tricarballylate, 2.254', 'triacyl-sn-glycerol, 2.254', '1,1,1-propanetricarboxylate, 2.254', 'triacylglycerol 50:6, 2.254', 'triacylglycerol 52:8, 2.254', 'triacylglycerol 52:9, 2.254', 'triacylglycerol 58:0, 2.254', 'triacylglycerol 60:0, 2.254', 'triacylglycerol 60:1, 2.254', 'triacylglycerol 60:4, 2.254', 'triacylglycerol 60:5, 2.254', 'triacylglycerol 60:6, 2.254', 'triacylglycerol 60:8, 2.254']","['cis-Aconitic acid, 1.311', 'trans-Aconitic acid, 1.311', 'Dehydroascorbic acid, 1.311', '2,5-Dimethyl-3-(methyldithio)furan, 3.680', 'Dehydroascorbide(1-), 1.311']",[],[]
29,147.03024,"['(<i>S</i>)-2-hydroxyglutarate, 2.315', 'D-ribono-1,4-lactone, 2.315', 'L-xylono-1,4-lactone, 2.315', 'L-arabinono-1,4-lactone, 2.315', 'D-xylono-1,4-lactone, 2.315', '(<i>R</i>)-2-hydroxyglutarate, 2.315', '(2R,3S)-3-methylmalate, 2.315', 'D-xylonolactone, 2.315', '(<i>S</i>)-citramalate, 2.315', 'L-Arabino-1,5-lactone, 2.315', 'D-arabinono-1,4-lactone, 2.315', '2-keto-L-xylose, 2.315', '(R)-citramalate, 2.315', '2-dehydro-3-deoxy-L-arabinonate, 2.315', '2-dehydro-3-deoxy-D-arabinonate, 2.315']",[],[],"['citramalic acid, 3.486', 'D-citramalic acid, 3.486', 'D-xylono-1,5-lactone, 3.486', 'D-arabinono-1,4-lactone, 3.486', 'D-xylono-1,4-lactone, 3.486', '2-hydroxyglutaric acid, 3.486', 'L-arabinono-1,4-lactone, 3.486', '2-dehydro-3-deoxy-L-arabinonic acid, 3.486', 'L-xylono-1,4-lactone, 3.486', 'D-erythro-3-methylmalic acid, 3.486', 'D-threo-3-methylmalic acid, 3.486', 'L-threo-3-methylmalic acid, 3.486', 'L-citramalic acid, 3.486', '(R)-2-hydroxyglutaric acid, 3.486', '(S)-2-hydroxyglutaric acid, 3.486', '2-dehydro-3-deoxy-D-arabinonic acid, 3.486', 'L-Arabino-1,5-lactone, 3.486', '3-methylmalic acid, 3.486', 'D-arabinosone, 3.486', '2-keto-D-xylose, 3.486', 'L-erythro-3-methylmalic acid, 3.486', '2-keto-L-xylose, 3.486', 'D-ribono-1,4-lactone, 3.486', 'D-lyxono-1,4-lactone, 3.486', 'D-apionolactone, 3.486']",[],"['2-dehydro-3-deoxy-D-arabinonate, 8.434', '(2S,3R)-aldono-1,5-lactone, 8.434', '2-dehydro-3-deoxy-L-arabinonate, 8.434', '2-hydroxyglutarate(1-), 8.434', 'purin-6-oyl group, 5.169', 'an aldono-1,5-lactone, 8.434']","['Citramalic acid, 2.315', '3-Hydroxyglutaric acid, 2.315', 'D-2-Hydroxyglutaric acid, 2.315', 'L-2-Hydroxyglutaric acid, 2.315', 'Ribonolactone, 2.315', 'D-Xylono-1,5-lactone, 2.315', '2-Propenyl propyl disulfide, 3.552', 'Methyl 3-methyl-1-butenyl disulfide, 3.552', '1-Propenyl propyl disulfide, 3.552', '2-Hydroxyglutarate, 2.315', '3-methylmalate(2-), 2.315']",[],[]
30,191.01996,"['2,3-diketogulonate, 1.215', '2-carboxy-L-xylonolactone, 1.215', 'carboxymethyloxysuccinate, 1.215', 'dehydroascorbate (bicyclic form), 1.215', '2,3-dioxo-L-gulonate, 1.215', '2,5-didehydro-D-gluconate, 1.215', '5-dehydro-4-deoxy-D-glucarate, 1.215', '(2S,3S)-2,3-dihydroxy-5-oxohexanedioate, 1.215', 'D-glucaro-1,5-lactone, 1.215', '(2S,3R)-2,3-dihydroxy-5-oxohexanedioate, 1.215', 'citrate, 1.215', 'D-<i>threo</i>-isocitrate, 1.215', 'D-<i>erythro</i>-isocitrate, 1.215', 'L-<i>erythro</i>-isocitrate, 1.215', 'L-<i>threo</i>-isocitrate, 1.215', 'D-galactaro-1,5-lactone, 1.215', 'D-galactaro-1,4-lactone, 1.215', 'D-glucaro-1,4-lactone, 1.215']",[],"['indole-5,6-quinone-2-carboxylate, 9.934']","['2,3-diketogulonic acid, 1.229', '5-dehydro-4-deoxy-D-glucaric acid, 1.229', '(carboxymethoxy)succinic acid, 1.229', '2-dehydro-3-deoxy-D-glucaric acid, 1.229', '2,5-didehydro-D-gluconic acid, 1.229', 'citric acid, 1.229', 'isocitric acid, 1.229', 'L-erythro-isocitric acid, 1.229', 'D-threo-isocitric acid, 1.229', 'D-erythro-isocitric acid, 1.229', 'L-threo-isocitric acid, 1.229', 'alpha-D-glucosiduronate, 1.229', 'citric acid-d4, 1.229', '3-deoxy-D-threo-hex-2-ulosaric acid, 1.229', 'beta-D-glucosiduronate, 1.229', 'D-galactaro-1,5-lactone, 1.229', 'D-glucaro-1,5-lactone, 1.229', 'D-galactaro-1,4-lactone, 1.229', 'D-glucaro-1,4-lactone, 1.229']",[],"['2,5-didehydro-D-gluconate, 5.026', '5-dehydro-4-deoxy-D-glucarate(1-), 5.026', '3-carboxy-2-(carboxymethyl)-2-hydroxypropanoate, 5.026', '3,4-dicarboxy-3-hydroxybutanoate, 5.026', 'isocitrate(1-), 5.026', '2,3-diketogulonate, 5.026', 'D-galactaro-1,5-lactone(1-), 5.026', 'D-glucaro-1,5-lactone(1-), 5.026', 'D-galactaro-1,4-lactone(1-), 5.026', 'D-glucaro-1,4-lactone(1-), 5.026']","['Citric acid, 1.215', 'Isocitric acid, 1.215', 'D-threo-Isocitric acid, 1.215', 'Diketogulonic acid, 1.215', '2,3-Diketo-L-gulonate, 1.215', '(1R,2R)-Isocitric acid, 1.215', 'D-Glucaro-1,4-lactone, 1.215', '2,3-diketogulonate, 1.215']",[],[]
31,131.0355,"['methylsuccinate, 3.917', '(<i>S</i>)-2-acetolactate, 3.917', '5-hydroxy-2-oxopentanoate, 3.917', '3-hydroxy-3-methyl-2-oxobutanoate, 3.917', '(<i>S</i>)-4-hydroxy-2-oxopentanoate, 3.917', 'pteridine, 6.211', '(2Z)-2,4-dihydroxypent-2-enoate, 3.917', 'mono-methyl hydrogen succinate, 3.917', '(2R,4S)-2-methyl-2,4-dihydroxydihydrofuran-3-one, 3.917', '2-hydroxymethyl-4-oxobutanoate, 3.917', 'autoinducer 2, 3.917', '2-deoxyribonolactone, 3.917', 'glutarate, 3.917', '5-hydroxy-4-oxopentanoate, 3.917', '(2S,4S)-2-methyl-2,4-dihydroxydihydrofuran-3-one, 3.917']",[],[],"['2-acetyllactic acid, 5.877', '2-deoxy-D-ribono-1,4-lactone, 5.877', '2-(hydroxymethyl)-4-oxobutanoic acid, 5.877', '4-hydroxy-2-oxopentanoic acid, 5.877', '3-hydroxy-3-methyl-2-oxobutanoic acid, 5.877', 'glutaric acid, 5.877', '(2S)-2-hydroxy-2-methyl-3-oxobutanoic acid, 5.877', 'pteridine, 9.270', '(S)-4,5-dihydroxypentane-2,3-dione, 5.877', ""2,2'-biimidazole, 9.270"", '2-deoxy-L-arabinono-1,4-lactone, 5.877', '(2R,4S)-2-methyl-2,4-dihydroxydihydrofuran-3-one, 5.877', '(S)-4-hydroxy-2-oxopentanoic acid, 5.877', 'monomethyl succinate, 5.877', '1-alkyl-2-methyl-3-acyl-sn-glycerol, 5.877', '2-methylbutanedioic acid, 5.877', '(S)-methylsuccinic acid, 5.877', '(R)-methylsuccinic acid, 5.877', 'dimethylmalonic acid, 5.877', 'DNA without the base, 5.877', ""5'-end ribonucleoside residue, 5.877"", 'ethylmalonic acid, 5.877']",[],[],"['Monoethyl malonic acid, 3.917', 'Ethylmalonic acid, 3.917', 'Glutaric acid, 3.917', 'Methylsuccinic acid, 3.917', 'Dimethylmalonic acid, 3.917', '2-Acetolactate , 3.917', '(S)-2-Acetolactate, 3.917', '2-C-Methyl-1,4-erythrono-D-lactone, 3.917', '2-Deoxy-L-ribono-1,4-lactone, 3.917', '2-Hydroxy-4-oxopentanoic acid, 3.917', '(S)-Methylbutanethioic acid, 3.917']",[],[]
32,105.02006000000002,"['D-glycerate, 6.860']",[],[],"['D-glyceric acid, 3.169', 'glyceric acid, 3.169', 'L-glyceric acid, 3.169']",[],[],"['Glyceric acid, 6.860', 'L-Glyceric acid, 6.860', 'D-2,3-Dihydroxypropanoic acid, 6.860']",[],[]
33,133.01478999999998,"['2-dehydro-L-erythronate, 4.049', '2-dehydro-D-erythronate, 4.049', '3-dehydro-L-erythronate, 4.049', '(<i>S</i>)-malate, 4.049', '(R)-malate, 4.049', '3-dehydro-D-erythronate, 4.049', 'L-<i>threo</i>-tetruronate, 4.049']",[],[],"['(R)-2,4-dihydroxy-3-oxobutanoic acid, 0.492', '(S)-malic acid, 0.492', 'malic acid, 0.492', '(S)-3,4-dihydroxy-2-oxobutanoic acid, 0.492', '(R)-3,4-dihydroxy-2-oxobutanoic acid, 0.492', '(S)-2,4-dihydroxy-3-oxobutanoic acid, 0.492']",[],"['(R)-malic acid, 5.939', '(R)-2,4-dihydroxy-3-oxobutanoate, 5.939', '2-Alkylmalic acid, 5.939', '3-Alkylmalic acid, 5.939', '(R)-3,4-dihydroxy-2-oxobutanoate, 5.939', '(S)-3,4-dihydroxy-2-oxobutanoate, 5.939', '(S)-2,4-dihydroxy-3-oxobutanoate, 5.939']","['L-Malic acid, 4.049', 'Malic acid, 4.049', 'D-Malic acid, 4.049', 'Velcorin, 4.049', '3,3-Dimethyl-1,2-dithiolane, 2.430', 'Tetrahydro-2-methyl-2-thiophenethiol, 2.430', 'Tetrahydro-2-methyl-3-thiophenethiol, 2.430']",[],[]
34,117.01991000000001,"['succinate, 4.891', '2-keto-4-hydroxybutanoate, 4.891', 'methylmalonate, 4.891', 'L-malic semialdehyde, 4.891']",[],[],"['1-alkyl-2-acylglycerol, 1.576', 'succinic acid, 1.576', 'methylmalonic acid, 1.576', '1-alkyl-3-acylglycerol, 1.576', 'succinic acid-d4, 1.576', 'Methyl oxalate, 1.576', 'L-threosone, 1.576', '1-alkyl-2-acyl-sn-glycerol, 1.576', 'L-threonolactone, 1.576', '1-alkyl-3-acyl-sn-glycerol, 1.576', 'erythrono-1,4-lactone, 1.576', 'D-threonolactone, 1.576', '(R)-3-hydroxy-4-oxobutanoic acid, 1.576']",[],"['aryl(methyl)malonic acid, 7.777', 'succinate(1-), 7.777', 'methylmalonate(1-), 7.777', '(3R)-3-hydroxy-4-oxobutanoate, 7.777']","['Methylmalonic acid, 4.891', 'Succinic acid, 4.891', 'Erythrono-1,4-lactone, 4.891', 'Threonolactone, 4.891', '4-Hydroxy-2-oxobutanoic acid, 4.891', 'xi-3-Hydroxy-2-oxobutanoic acid, 4.891', '3-methoxy-3-oxopropanoic acid, 4.891']",[],[]
35,131.0467,"['<i>N</i>-carbamoylsarcosine, 3.664', '3-ureidopropanoate, 3.664', '2-ureido-propanoate, 3.664']",[],[],"['N-carbamoylsarcosine, 7.391', 'L-asparagine, 7.391', 'glycylglycine, 7.391', 'N-carbamoyl-beta-alanine, 7.391', 'D-asparagine, 7.391', 'L-aspartic 1-amide, 7.391', 'asparagine, 7.391', 'aspartic 1-amide, 7.391', 'D-aspartic 1-amide, 7.391', 'L-asparagine zwitterion, 7.391', 'D-asparagine zwitterion, 7.391', 'Methylazoxymethanol acetate, 7.391', 'N-Nitroso-N-methylurethane, 7.391', 'glycylglycine zwitterion, 7.391']",[],"['glycylpeptide, 5.342', 'Glycyl amino acid, 5.342', 'N-carbamoyl-beta-alaninate, 5.342', 'N(4)-asparagino group, 5.342', 'L-asparaginate, 5.342', 'N(2)-L-asparagino group, 5.342', 'N(4)-L-asparagino group, 5.342', 'D-asparaginate, 5.342', 'N(2)-D-asparagino group, 5.342', 'N(4)-D-asparagino group, 5.342', 'asparaginate, 5.342', 'N(2)-asparagino group, 5.342', '1,2,4-benzotriazine, 9.920', '1,2,3-benzotriazine, 9.920', 'N-carbamoylsarcosinate, 5.342']","['Ureidopropionic acid, 3.664', 'L-Asparagine, 3.664', 'Glycyl-glycine, 3.664', 'N-Carbamoylsarcosine, 3.664', 'D-Asparagine, 3.664', 'N-carbamoyl-beta-alaninate, 3.664']",[],[]
36,132.03071,"['2-hydroxysuccinamate, 3.595']",[],[],"['L-aspartic acid, 0.105', 'D-aspartic acid, 0.105', 'N-carboxy-beta-alanine, 0.105', 'aspartic acid, 0.105', 'iminodiacetic acid, 0.105']",[],"['D-aspartate(1-), 5.378', 'L-aspartate(1-), 5.378', 'aspartate(1-), 5.378', 'asparto group, 5.378', 'L-asparto group, 5.378', 'D-asparto group, 5.378', 'ammoniodiacetate, 5.378', 'diammonium hydrogen phosphate, 5.378', 'N-acylserine, 5.378']","['L-Aspartic acid, 3.595', 'D-Aspartic acid, 3.595', 'Iminodiacetic acid, 3.595', '1-deoxy-1-(N6-lysino)-D-fructose, 3.595', 'N-acetyl-seryl-aspartate, 3.595']",[],[]
37,146.04629,"['<i>N</i>-acetyl-L-serine, 2.776', 'N-hydroxy-N-isopropyloxamate, 2.776']",[],[],"['D-glutamic acid, 3.849', 'L-glutamic acid, 3.849', 'N-(carboxymethyl)-D-alanine, 3.849', 'O-acetyl-L-serine, 3.849', 'glutamic acid, 3.849', 'L-4-hydroxyglutamic semialdehyde, 3.849', 'isoglutamic acid, 3.849', 'N-methyl-D-aspartic acid, 3.849', 'N-acetyl-L-serine, 3.849', 'threo-3-methyl-L-aspartic acid, 3.849', '2-Oxo-4-hydroxy-5-aminovalerate, 3.849', '(3S,4S)-3,4-dihydroxy-L-proline, 3.849', 'O-acetyl-L-serine zwitterion, 3.849', 'L-4-hydroxyglutamate semialdehyde zwitterion, 3.849', 'glutamic acid-2,3,3,4,4-d5, 3.849', 'ribulosamine, 3.849', 'methyl gamma-D-aspartate, 3.849', 'phytoceramide, 3.849']",[],"['L-glutamate(1-), 8.833', 'D-glutamate(1-), 8.833', 'L-glutamo group, 8.833', 'glutamate(1-), 8.833', 'glutamo group, 8.833', 'D-glutamo group, 8.833', 'N-acyl-L-homoserine, 8.833', 'N-acylhomoserine, 8.833', 'N-acyl-D-homoserine, 8.833', 'N-(carboxylatomethyl)-D-alanine, 8.833', 'threo-3-methyl-L-aspartate(1-), 8.833', 'isoglutamate(1-), 8.833']","['L-Glutamic acid, 2.776', 'N-Methyl-D-aspartic acid, 2.776', 'N-Acetylserine, 2.776', 'O-Acetylserine, 2.776', 'D-Glutamic acid, 2.776', 'L-4-Hydroxyglutamate semialdehyde, 2.776', '3-(Carboxymethylamino)propanoic acid, 2.776', 'DL-Glutamate, 2.776', 'N-lactoyl-Glycine, 2.776']",[],[]
38,145.06242,"['3-(carbamoylamino)-2-methylpropanoate, 3.791', '<i>N</i>-methyl-<i>N</i>-carbamoyl-D-alanine, 3.791']",[],[],"['D-glutamine, 4.765', 'L-glutamine, 4.765', 'glutamine, 4.765', 'N(4)-methyl-L-asparagine, 4.765', '3-ureidoisobutyric acid, 4.765', 'D-glutamine zwitterion, 4.765', 'L-glutamine zwitterion, 4.765', 'Ala-Gly, 4.765', 'Ala-Gly zwitterion, 4.765', 'beta-Ala-Gly, 4.765', 'D-Ala-Gly, 4.765', 'Gly-Ala, 4.765', 'Gly-D-Ala, 4.765']",[],"['N5-Alkylglutamine, 9.789', 'N(2)-glutamino group, 9.789', 'N(5)-glutamino group, 9.789', 'L-glutaminate, 9.789', 'N(2)-L-glutamino group, 9.789', 'N(5)-L-glutamino group, 9.789', 'D-glutaminate, 9.789', 'N(2)-D-glutamino group, 9.789', 'N(5)-D-glutamino group, 9.789', 'glutaminate, 9.789', '3-ureidoisobutyrate(1-), 9.789']","['L-Glutamine, 3.791', 'Ureidoisobutyric acid, 3.791', 'D-Glutamine, 3.791', 'Alanylglycine, 3.791']",[],[]
39,130.08786,"['<i>N</i>-(3-hydroxybutan-2-yl)acetamide, 3.870', '2-morpholinoethanol, 3.870']",[],"['cycloleucine, 8.120', '(2S,4Z)-2-aminohex-4-enoate, 8.120', '(<i>R</i>)-nipecotate, 8.120', 'nitrocyclohexane, 8.120', 'vigabatrin, 8.120', '<i>N</i>-methyl-L-proline, 8.120', 'D-pipecolate, 8.120', '(<i>S</i>)-nipecotate, 8.120', 'L-pipecolate, 8.120', '4-methyl-proline, 8.120', '(1S,2S)-coronamate, 8.120']","['L-leucine, 1.037', '(3R)-beta-leucine, 1.037', '6-aminohexanoic acid, 1.037', 'L-isoleucine, 1.037', 'L-norleucine, 1.037', 'D-isoleucine, 1.037', 'D-leucine, 1.037', 'beta-alanine betaine, 1.037', 'acylcholine, 1.037', 'D-norleucine, 1.037', 'L-alloisoleucine, 1.037', 'N-methyl-L-valine, 1.037', 'D-alloisoleucine, 1.037', 'leucine, 1.037', '2-aminohexanoic acid, 1.037', '2-amino-3-methylpentanoic acid, 1.037', 'L-leucine zwitterion, 1.037', '(3R)-beta-leucine zwitterion, 1.037', '6-aminohexanoic acid zwitterion, 1.037', 'L-isoleucine zwitterion, 1.037', 'L-2-aminohexanoic acid zwitterion, 1.037', 'N-methylvaline, 1.037', '2-(morpholin-4-yl)ethanol, 1.037', 'tert-butylglycine, 1.037', 'beta-leucine, 1.037', 'N,N-Diethylglycine, 1.037', 'N-(butanoyl)ethanolamine, 1.037', 'D-alloisoleucine zwitterion, 1.037', 'L-alloisoleucine zwitterion, 1.037', '(3S)-beta-leucine, 1.037', '1-Nitrohexane, 1.037']",[],"['6-aminohexanoate, 6.611', 'L-2-aminohexanoate, 6.611', 'L-isoleucinate, 6.611', 'L-isoleucino group, 6.611', 'D-isoleucinate, 6.611', 'D-isoleucino group, 6.611', 'isoleucino group, 6.611', 'L-leucinate, 6.611', 'L-leucino group, 6.611', 'D-leucinate, 6.611', 'D-leucino group, 6.611', 'leucinate, 6.611', 'leucino group, 6.611']","['L-Isoleucine, 3.870', 'L-Alloisoleucine, 3.870', 'L-Leucine, 3.870', 'L-Norleucine, 3.870', 'Aminocaproic acid, 3.870', 'Beta-Leucine, 3.870', 'D-Leucine, 3.870', '3-Aminocaproic acid, 3.870', '()-erythro-Isoleucine, 3.870', '6-Deoxyfagomine, 3.870', 'N-(2-Hydroxyethyl)-morpholine, 3.870', 'N-methylvaline, 3.870', '3,3,5-triiodo-L-thyronine-beta-D-glucuronoside, 3.870']",[],[]
40,130.08764,"['<i>N</i>-(3-hydroxybutan-2-yl)acetamide, 2.192', '2-morpholinoethanol, 2.192']",[],"['cycloleucine, 6.429', '(2S,4Z)-2-aminohex-4-enoate, 6.429', '(<i>R</i>)-nipecotate, 6.429', 'nitrocyclohexane, 6.429', 'vigabatrin, 6.429', '<i>N</i>-methyl-L-proline, 6.429', 'D-pipecolate, 6.429', '(<i>S</i>)-nipecotate, 6.429', 'L-pipecolate, 6.429', '4-methyl-proline, 6.429', '(1S,2S)-coronamate, 6.429']","['L-leucine, 0.641', '(3R)-beta-leucine, 0.641', '6-aminohexanoic acid, 0.641', 'L-isoleucine, 0.641', 'L-norleucine, 0.641', 'D-isoleucine, 0.641', 'D-leucine, 0.641', 'beta-alanine betaine, 0.641', 'acylcholine, 0.641', 'D-norleucine, 0.641', 'L-alloisoleucine, 0.641', 'N-methyl-L-valine, 0.641', 'D-alloisoleucine, 0.641', 'leucine, 0.641', '2-aminohexanoic acid, 0.641', '2-amino-3-methylpentanoic acid, 0.641', 'L-leucine zwitterion, 0.641', '(3R)-beta-leucine zwitterion, 0.641', '6-aminohexanoic acid zwitterion, 0.641', 'L-isoleucine zwitterion, 0.641', 'L-2-aminohexanoic acid zwitterion, 0.641', 'N-methylvaline, 0.641', '2-(morpholin-4-yl)ethanol, 0.641', 'tert-butylglycine, 0.641', 'beta-leucine, 0.641', 'N,N-Diethylglycine, 0.641', 'N-(butanoyl)ethanolamine, 0.641', 'D-alloisoleucine zwitterion, 0.641', 'L-alloisoleucine zwitterion, 0.641', '(3S)-beta-leucine, 0.641', '1-Nitrohexane, 0.641']",[],"['6-aminohexanoate, 4.920', 'L-2-aminohexanoate, 4.920', 'L-isoleucinate, 4.920', 'L-isoleucino group, 4.920', 'D-isoleucinate, 4.920', 'D-isoleucino group, 4.920', 'isoleucino group, 4.920', 'L-leucinate, 4.920', 'L-leucino group, 4.920', 'D-leucinate, 4.920', 'D-leucino group, 4.920', 'leucinate, 4.920', 'leucino group, 4.920']","['L-Isoleucine, 2.192', 'L-Alloisoleucine, 2.192', 'L-Leucine, 2.192', 'L-Norleucine, 2.192', 'Aminocaproic acid, 2.192', 'Beta-Leucine, 2.192', 'D-Leucine, 2.192', '3-Aminocaproic acid, 2.192', '()-erythro-Isoleucine, 2.192', '6-Deoxyfagomine, 2.192', 'N-(2-Hydroxyethyl)-morpholine, 2.192', 'N-methylvaline, 2.192', '3,3,5-triiodo-L-thyronine-beta-D-glucuronoside, 2.192']",[],[]
41,145.09876,[],[],"['D-isoglutamine, 7.287']","['(3S)-3,6-diaminohexanoic acid, 0.246', '(3S,5S)-3,5-diaminohexanoic acid, 0.246', 'D-lysine, 0.246', '2,5-diaminohexanoic acid, 0.246', 'L-lysine, 0.246', 'lysine, 0.246', 'purpurosamine C, 0.246', '(3R)-3-methyl-D-ornithine, 0.246', '(1S,2S,3R,5S)-3,5-diaminocyclohexane-1,2-diol, 0.246', '(3R)-3,6-diaminohexanoic acid, 0.246', 'meldonium, 0.246', 'lysine-4,4,5,5-d4, 0.246', 'L-lysine zwitterion, 0.246', '(2R,5S)-2,5-diaminohexanoic acid, 0.246']",[],"['(3S,5S)-3,5-diaminohexanoate, 5.238', 'L-lysinate, 5.238', 'N(2)-L-lysino group, 5.238', 'N(6)-L-lysino group, 5.238', 'D-lysinate, 5.238', 'N(2)-D-lysino group, 5.238', 'N(6)-D-lysino group, 5.238', 'lysinate, 5.238', 'N(2)-lysino group, 5.238', 'N(6)-lysino group, 5.238', '(5R)-5-hydroxy-L-lysine(1+) residue, 5.238', '(3S)-3-hydroxy-L-lysine(1+) residue, 5.238', '4-hydroxy-L-lysine(1+) residue, 5.238', '5-hydroxy-L-lysinium residue, 5.238', '(5S)-5-hydroxy-L-lysinium residue, 5.238']","['L-Lysine, 3.479', 'D-Lysine, 3.479', '(3S)-3,6-Diaminohexanoate, 3.479', '(3S,5S)-3,5-Diaminohexanoate, 3.479', '2,6-diaminohexanoic acid, 3.479']",[],[]
42,148.04421000000002,[],[],"['thiomorpholine-3-carboxylate, 6.658']","['D-penicillamine, 3.261', 'L-methionine, 3.261', 'methionine, 3.261', 'D-methionine, 3.261', 'penicillamine, 3.261', 'L-penicillamine, 3.261', 'L-methionine zwitterion, 3.261', 'D-methionine zwitterion, 3.261', 'methionine zwitterion, 3.261']",[],"['L-methionino group, 8.173', 'methionino group, 8.173', 'L-methioninate, 8.173', 'D-methioninate, 8.173', 'D-methionino group, 8.173', 'methioninate, 8.173', 'L-methioninium (S)-S-oxide residue, 8.173', 'L-methioninium (R)-S-oxide residue, 8.173', '3,3-dimethylcystein-S-yl group, 8.173']","['L-Methionine, 2.930', 'Penicillamine, 2.930', 'Racemethionine, 2.930']",[],[]
43,114.05675,"['3-acetamidopropanal, 6.062']",[],[],"['D-proline, 8.917', 'trans-3-hydroxy-L-proline, 8.917', 'L-proline, 8.917', 'L-proline zwitterion, 8.917', 'proline, 8.917', '3-acetamidopropanal, 8.917', 'D-proline zwitterion, 8.917', '(+)-(1S,2S)-norcoronamic acid, 8.917', '4-hydroxy-D-valine residue, 8.917', '3-hydroxy-L-valine residue, 8.917']",[],"['L-prolinate, 6.576', 'L-prolino group, 6.576', 'D-prolinate, 6.576', 'D-prolino group, 6.576', 'prolinate, 6.576', 'prolino group, 6.576', 'N-terminal N-acetyl-L-alanine residue, 6.576']","['L-Proline, 6.062', 'D-Proline, 6.062', 'Acetamidopropanal, 6.062', '4-Amino-2-methylenebutanoic acid, 6.062', 'Pterolactam, 6.062']",[],[]
44,104.036,[],[],[],"['D-serine, 2.627', 'L-serine, 2.627', 'serine, 2.627', 'L-serine zwitterion, 2.627', 'serine zwitterion, 2.627', 'D-serine zwitterion, 2.627', '3-nitropropan-1-ol, 2.627']",[],"['2-cyanopyridine, 9.612', 'L-serinate, 9.612', 'L-serino group, 9.612', 'D-serinate, 9.612', 'D-serino group, 9.612', 'serinate, 9.612', 'serino group, 9.612', '3-pyridinecarbonitrile, 9.612']","['L-Serine, 6.501', 'D-Serine, 6.501', 'Protein serine, 6.501']",[],[]
45,118.05158999999999,"['serine methyl ester, 5.231']",[],"['L-2-amino-3-oxobutanoate, 9.927', 'L-aspartate-semialdehyde, 9.927']","['L-homoserine, 7.274', 'gamma-amino-beta-hydroxybutyric acid, 7.274', 'D-threonine, 7.274', 'L-threonine, 7.274', '(-)-(2R,3R)-2,3-dihydroxybutanamide, 7.274', 'L-allothreonine, 7.274', 'D-allothreonine, 7.274', 'homoserine, 7.274', 'D-homoserine, 7.274', '2-amino-3-hydroxybutanoic acid, 7.274', '(3R)-3-amino-4-hydroxybutanoic acid, 7.274', 'L-homoserine zwitterion, 7.274', 'gamma-amino-beta-hydroxybutyric acid zwitterion, 7.274', 'D-threonine zwitterion, 7.274', 'L-threonine zwitterion, 7.274', '2-methylserine zwitterion, 7.274', 'L-allothreonine zwitterion, 7.274', 'D-allothreonine zwitterion, 7.274', 'O-methylserine, 7.274', '2-methyl-L-serine, 7.274', '2-amino-2-hydroxybutanoic acid, 7.274', '4-iminobutane-1,2,3-triol, 7.274', '(3E)-3-(methoxyimino)propane-1,2-diol, 7.274', '2-methyl-D-serine, 7.274', '2-methylserine, 7.274']",[],[],"['L-Threonine, 5.231', 'L-Homoserine, 5.231', 'L-Allothreonine, 5.231', 'Aminoethoxyacetic acid, 5.231', 'Hydroxyethyl glycine, 5.231', '4-Amino-3-hydroxybutyrate, 5.231']",[],[]
46,116.07231000000002,[],[],"['(2S)-2-amino-4-pentenoate, 9.963', 'D-proline, 9.963', 'nitrocyclopentane, 9.963', 'L-proline, 9.963', 'cyclopropylglycine, 9.963']","['5-aminopentanoic acid, 5.005', 'L-valine, 5.005', 'glycine betaine, 5.005', 'L-2-aminopentanoic acid, 5.005', 'D-valine, 5.005', 'D-2-aminopentanoic acid, 5.005', 'N,N-dimethyl-L-alanine, 5.005', 'isoamyl nitrite, 5.005', '2-aminopentanoic acid, 5.005', 'valine, 5.005', '4-(methylamino)butyric acid, 5.005', 'methyl 4-aminobutanoate, 5.005', 'N-methylmorpholine N-oxide, 5.005', 'n-pentyl nitrite, 5.005', 'L-valine zwitterion, 5.005', 'L-2-aminopentanoic acid zwitterion, 5.005', '4-(methylamino)butyric acid zwitterion, 5.005', 'D-valine zwitterion, 5.005', '((13)C5,(15)N)-valine, 5.005', '4-amino-3-methylbutanoic acid, 5.005', 'alpha-(methylamino)isobutyric acid, 5.005', 'N,N-dimethyl-beta-alanine, 5.005', '5-aminopentanoic acid zwitterion, 5.005']",[],[],"['Betaine, 5.188', 'L-Valine, 5.188', 'Vaporole, 5.188', 'N-Methyl-a-aminoisobutyric acid, 5.188', '5-Aminopentanoic acid, 5.188', 'Norvaline, 5.188', 'Amyl Nitrite, 5.188']",[],[]
47,174.04102,"['1,N<sup>2</sup>-ethenoguanine, 6.363', '2-amino-3-ketoadipate, 1.277', '<i>N</i>-acetyl-L-aspartate, 1.277', '<i>N</i>-formyl-L-glutamate, 1.277', 'preQ<sub>0</sub>, 6.363']",[],[],"['allantoate, 7.404', '2-amino-3-oxoadipic acid, 1.691', 'N-formylisoglutamic acid, 1.691', '7-cyano-7-deazaguanine, 4.022', 'N-formyl-L-glutamic acid, 1.691', 'N-acetyl-L-aspartic acid, 1.691', 'dimethyloxalylglycine, 1.691', '3,4-dihydroxy-5-(2-hydroxyethanimidoyl)oxolan-2-one, 1.691', 'N(2),3-ethenoguanine, 4.022', '1,N(2)-ethenoguanine, 4.022']",[],"['N-(long-chain-fatty-acyl)-L-glutamic acid, 5.861', 'N-acyl-D-glutamic acid, 5.861']","['N-Acetyl-L-aspartic acid, 1.277', 'N-Formyl-L-glutamic acid, 1.277', 'Berteroin, 3.684', 'D-N-(Carboxyacetyl)alanine, 1.277', '2-Amino-3-oxoadipate, 1.277']",[],[]
48,112.05233999999999,"['creatinine, 6.228']",[],"['5-hexynoate, 0.799', 'cyclohexane-1,3-dione, 0.799', 'cyclohexane-1,2-dione, 0.799', '(1S,2S)-cyclohexa-3,5-diene-1,2-diol, 0.799', '(1R,2S)-cyclohexa-3,5-diene-1,2-diol, 0.799', '(1R,2R)-cyclohexa-3,5-diene-1,2-diol, 0.799', 'sorbate, 0.799']","['creatinine, 5.448', '3-(N-Nitrosomethylamino)propionitrile, 5.448', '(2E)-hexenoate, 3.396']",[],"['cis-cyclohexa-3,5-diene-1,2-diol, 3.034', 'cyclohexane-1,3-dione, 3.034', 'cyclohexane-1,4-dione, 3.034', 'cyclohexane-1,2-dione, 3.034', 'Parasorbic acid, 3.034', '(1R,2R)-cyclohexa-3,5-diene-1,2-diol, 3.034', '(1S,2S)-cyclohexa-3,5-diene-1,2-diol, 3.034', 'cyclohexa-3,5-diene-1,2-diol, 3.034', 'sorbic acid, 3.034', '(2E,4E)-hexa-2,4-dienoic acid, 3.034', '(2Z,4Z)-hexa-2,4-dienoic acid, 3.034', '(2Z,4E)-hexa-2,4-dienoic acid, 3.034', '(2E,4Z)-hexa-2,4-dienoic acid, 3.034', 'hexanedioyl group, 3.034', 'hex-5-ynoic acid, 3.034', '(E)-4-oxohex-2-enal, 3.034']","['Creatinine, 6.228']",[],"['trans-1,2-Dihydrobenzene-1,2-diol, 0.799', '(2E,4E)-2,4-Hexadienoic acid, 0.799', '1,2-Cyclohexanedione, 0.799', '3-Methyl-1,2-cyclopentanedione, 0.799', '(E)-4-Oxo-2-hexen-1-al, 0.799', '2,5-Dimethyl-3(2H)-furanone, 0.799', 'Syoyualdehyde, 0.799', '2-(Methoxymethyl)furan, 0.799', 'xi-3,5-Dimethyl-2(5H)-furanone, 0.799', '5,5-Dimethyl-2(5H)-furanone, 0.799']"
49,212.00245,"['indoxyl sulfate, 0.693']",[],[],"['indoxyl sulfate, 1.286', 'cephamycin, 1.286', '6-hydroxyindole sulfate, 1.286']","['R-S-Alanylglycine, 0.271']","['bismuthane, 7.311', 'trihydridobismuth(.1+), 7.311', 'trihydridobismuthate(.1-), 7.311', 'lambda(5)-bismuthanylidene group, 7.311', '6-hydroxyindole sulfate(1-), 2.123']","['Indoxyl sulfate, 0.693']",[],[]
50,131.08315,[],[],"['(2S)-2-amino-5-iminopentanoate, 8.372', '(<i>R</i>)-piperazine-2-carboxylate, 8.372']","['L-ornithine, 3.225', 'D-ornithine, 3.225', 'ornithine, 3.225', '2,4-diaminopentanoic acid, 3.225', '(2R,4S)-2,4-diaminopentanoic acid, 3.225', '1-methoxy-N-nitrosodiethylamine, 3.225', 'N-(3-aminopropyl)-N-hydroxyacetamide, 3.225', '4-azaleucine, 3.225']",[],"['(2R,4S)-2,4-diaminopentanoate, 8.773', '2,4-diaminopentanoate, 8.773', 'ornithinate, 8.773', 'N(2)-L-ornithino group, 8.773', 'L-ornithinate, 8.773', 'N(2)-ornithino group, 8.773', 'N(5)-ornithino group, 8.773', 'N(5)-L-ornithino group, 8.773']","['Ornithine, 4.151', 'D-Ornithine, 4.151']",[],[]
51,166.01486,"['dipicolinate, 1.667', '2,4-pyridinedicarboxylate, 1.667', '2,5-pyridinedicarboxylate, 1.667', 'quinolinate, 1.667']",[],[],"['quinolinic acid, 0.814', '(S)-2,3-dihydrodipicolinate(2-), 0.814', 'dipicolinic acid, 0.814', '2,3-dihydrodipicolinate(2-), 0.814', '2-nitrobenzoic acid, 0.814', 'lutidinic acid, 0.814', '2,6,8-trihydroxypurin-7-ide, 6.802', '6,8-dioxo-6,7,8,9-tetrahydro-1H-purin-2-olate, 6.802', '2,8-dihydroxy-1H-purin-6-olate, 6.802', '2,6-dioxo-2,3,6,7-tetrahydro-1H-purin-8-olate, 6.802', 'cinchomeronic acid, 0.814', 'isocinchomeronic acid, 0.814', 'dinicotinic acid, 0.814', '6-hydroxy-2,8-dioxo-2,7,8,9-tetrahydropurin-1-ide, 6.802', 'Urate radical, 6.802', '4-nitrobenzoic acid, 0.814']","['glycylpeptide, 4.136', 'Glycyl amino acid, 4.136', 'N-carbamoyl-beta-alaninate, 4.136', 'N(4)-asparagino group, 4.136', 'L-asparaginate, 4.136', 'N(2)-L-asparagino group, 4.136', 'N(4)-L-asparagino group, 4.136', 'D-asparaginate, 4.136', 'N(2)-D-asparagino group, 4.136', 'N(4)-D-asparagino group, 4.136', 'asparaginate, 4.136', 'N(2)-asparagino group, 4.136', 'N-carbamoylsarcosinate, 4.136']","['2-nitrobenzoate, 5.180', 'quinolinate(1-), 5.180', '3-carboxypyridine-2-carboxylate, 5.180', '2-carboxypyridine-3-carboxylate, 5.180', 'dipicolinate(1-), 5.180', '2-carboxypyridine-4-carboxylate, 5.180', '4-carboxypyridine-2-carboxylate, 5.180', '4-carboxypyridine-3-carboxylate, 5.180', '3-carboxypyridine-4-carboxylate, 5.180', '5-carboxypyridine-2-carboxylate, 5.180', '6-carboxypyridine-3-carboxylate, 5.180', 'dinicotinate(1-), 5.180']","['Quinolinic acid, 1.667', '2,6-Pyridinedicarboxylic acid, 1.667', 'Urate radical, 9.706']",[],[]
52,124.00798,[],[],[],"['taurine, 2.048', 'methyl methylsulfamate, 2.048', 'taurine zwitterion, 2.048']",[],"['2-aminoethanesulfonate, 7.903', 'taurino group, 7.903']","['Taurine, 4.737']",[],[]
53,237.09143999999998,"['L-homolanthionine, 0.049']","['sebacate, 7.564']",[],"['2-[4-(2-hydroxyethyl)piperazin-1-yl]ethanesulfonic acid, 1.193', '2-[4-(2-hydroxyethyl)piperazin-4-ium-1-yl]ethanesulfonate, 1.193', '3-(2-methoxyphenyl)-1-phenyl-2-propen-1-one, 1.193']","['sebacic acid, 5.136', 'Diethyl adipate, 5.136', '1-hexyl-3-methylimidazolium chloride, 9.707', '2-ethyloctanedioic acid, 5.136', 'heptylmalonic acid, 5.136', 'Dimethyl suberate, 5.136', '3-Methylazelaic acid, 5.136']","['ketamine, 2.362', '2-[4-(2-hydroxyethyl)piperazin-1-yl]ethanesulfonate, 1.856', 'esketamine, 2.362', '5-(phenylmethyl)-3-(2-pyridinyl)-1,2,4-oxadiazole, 6.074', '(R)-ketamine, 2.362']","['Cinnamyl benzoate, 2.787', ""4'-Methoxychalcone, 2.787"", 'Benzyl cinnamate, 2.787', '15(R)-hydroperoxy-EPE, 0.049']","['Sebacic acid, 7.564', 'R-2-Hydroxy-3-methylbutanoic acid 3-Methylbutanoyl, 7.564', 'Oxalic acid dibutyl ester, 7.564', '2-Ethylsuberic acid, 7.564', 'Heptylmalonic acid, 7.564', '3-Methylazelaic acid, 7.564', 'N-lactoyl-Isoeucine, 7.564']","['Ketamine, 2.538', '2-Amino-5-benzoylbenzimidazole, 5.180']"
54,301.05372,"[""2,2'-piperazine-1,4-diylbisethanesulfonate, 1.219""]",[],"['<i>N</i>-acetyl-&alpha;-D-glucosamine 1-phosphate, 8.462', '<i>N</i>-acetyl-&alpha;-D-galactosamine 1-phosphate, 8.462', '<i>N</i>-acetyl-D-galactosamine 6-phosphate, 8.462', '<i>N</i>-acetyl-D-mannosamine 6-phosphate, 8.462', '<i>N</i>-acetyl-D-mannosamine 1-phosphate, 8.462', '<i>N</i>-acetyl-&beta;-D-glucosamine 6-phosphate, 8.462', '<i>N</i>-acetyl-&alpha;-D-glucosamine 6-phosphate, 8.462']","[""2,2'-piperazine-1,4-diylbisethanesulfonic acid, 0.013"", 'neostigmine bromide, 6.634', 'fludiazepam, 3.324', 'Pyrogallol-2-O-glucuronide, 9.945']","['ungeremine, 8.712', '5-[(4-chlorophenyl)hydrazinylidene]-2,2-dimethyl-4-oxanone, 8.712', 'N-[2-(6-chloro-5-methoxy-1H-indol-3-yl)ethyl]acetamide, 8.712']","['N-acetyl-D-glucosamine 6-phosphate, 7.573', 'N-acetyl-alpha-D-glucosamine 1-phosphate, 7.573', 'N-acetyl-D-galactosamine 6-phosphate, 7.573', 'aldehydo-N-acetyl-D-mannosamine 6-phosphate, 7.573', '2-acetamido-2-deoxy-D-glucopyranose 1-phosphate, 7.573', 'nocodazole, 5.713', 'N-acetyl-alpha-D-galactosamine 1-phosphate, 7.573', 'N-acetyl-beta-D-glucosamine 1-phosphate, 7.573', 'N-acetyl-beta-D-glucosamine 6-phosphate, 7.573', 'N-acetyl-D-hexosamine 1-phosphate, 7.573', 'N-acetyl-D-galactosamine 1-phosphate, 7.573', 'N-acetyl-beta-D-galactosamine 1-phosphate, 7.573', 'N-acetyl-alpha-D-mannosamine 6-phosphate, 7.573', 'N-acetyl-D-mannosamine 6-phosphate, 7.573', 'benoxaprofen, 9.035', 'N-Acetyl-alpha-D-hexosamine 1-phosphate, 7.573', 'N-(2,1,3-benzothiadiazol-5-yl)-2,4-dimethyl-6-oxo-3-pyrancarboxamide, 5.713', 'N-[(3-nitroanilino)-sulfanylidenemethyl]benzamide, 5.713', '3-[3-[[(4-chlorophenyl)-oxomethyl]amino]phenyl]-2-propenoic acid, 9.035', 'N-[3-(2-nitrophenyl)prop-2-enylideneamino]-2-thiophenecarboxamide, 5.713', '2,3,4,5,6-pentafluoro-N-(phenylmethyl)benzamide, 2.392']","['Fludiazepam, 4.049', 'Pyrogallol-2-O-glucuronide, 9.223', '6-(2,4-dihydroxyphenoxy)-3,4,5-trihydroxyoxane-2-carboxylic acid, 9.223', '6-(2,5-dihydroxyphenoxy)-3,4,5-trihydroxyoxane-2-carboxylic acid, 9.223', '6-(3,4-dihydroxyphenoxy)-3,4,5-trihydroxyoxane-2-carboxylic acid, 9.223', '6-(2,6-dihydroxyphenoxy)-3,4,5-trihydroxyoxane-2-carboxylic acid, 9.223', '6-(2,3-dihydroxyphenoxy)-3,4,5-trihydroxyoxane-2-carboxylic acid, 9.223']",[],"['N-Acetyl-D-Glucosamine 6-Phosphate, 8.462', 'N-Acetyl-D-mannosamine 6-phosphate, 8.462', 'N-Acetyl-glucosamine 1-phosphate, 8.462', 'N-Acetylglucosamine 6-phosphate, 8.462', 'N-Acetyl-D-galactosamine 1-phosphate, 8.462', 'N-acetyl-alpha-D-galactosamine 1-phosphate, 8.462', 'N-Acetylmannosamine-6P, 8.464']"
